id,first_name,last_name,email,gender,ip_address
1,Marion,Southard,msouthard0@chron.com,Bigender,173.132.111.252
2,Modesty,Ansty,mansty1@theatlantic.com,Female,156.197.36.206
3,Dorrie,Gareisr,dgareisr2@dot.gov,Female,210.14.241.148
4,Marcella,Somerton,msomerton3@seesaa.net,Female,170.169.247.230
5,Fleming,Woodbridge,fwoodbridge4@xing.com,Male,241.214.48.127
6,Caralie,Dudny,cdudny5@techcrunch.com,Female,151.0.140.45
7,Zelma,Gimeno,zgimeno6@eepurl.com,Female,100.36.122.94
8,Dalt,Briant,dbriant7@myspace.com,Male,96.44.107.67
9,Murdock,Caulcutt,mcaulcutt8@newsvine.com,Male,40.205.15.25
10,Lauree,Iacovelli,liacovelli9@mapquest.com,Female,116.140.247.30
11,Georg,Verrill,gverrilla@ameblo.jp,Male,236.232.45.147
12,Zia,Whild,zwhildb@myspace.com,Female,118.177.4.166
13,Bradley,Brendish,bbrendishc@github.com,Male,10.120.70.216
14,Marylinda,Dooney,mdooneyd@de.vu,Female,39.108.35.225
15,Colan,Grier,cgriere@indiegogo.com,Male,35.63.188.246
16,Dyanne,Du Hamel,dduhamelf@umich.edu,Female,212.252.196.3
17,Claus,Greenman,cgreenmang@mail.ru,Male,34.236.71.170
18,Georg,Denson,gdensonh@photobucket.com,Male,131.26.165.142
19,Harland,McKendry,hmckendryi@domainmarket.com,Male,129.82.66.102
20,Morlee,Fibbens,mfibbensj@state.gov,Male,150.177.201.209
21,Issi,Cohan,icohank@fema.gov,Female,1.155.72.176
22,Rose,Fuzzey,rfuzzeyl@seesaa.net,Female,119.10.84.167
23,Farleigh,Borzone,fborzonem@amazon.co.uk,Male,133.148.133.5
24,Shaughn,Aulsford,saulsfordn@oracle.com,Male,229.242.201.132
25,Luther,McLuckie,lmcluckieo@multiply.com,Male,22.2.141.193
26,Schuyler,Eades,seadesp@delicious.com,Bigender,79.194.76.127
27,Fletch,Armatys,farmatysq@biglobe.ne.jp,Male,172.27.179.92
28,Stavros,Woltering,swolteringr@hao123.com,Male,152.109.156.154
29,Caryl,Clarke-Williams,cclarkewilliamss@dailymotion.com,Male,153.175.235.102
30,Arni,Mandrey,amandreyt@oaic.gov.au,Male,170.33.33.107
31,Dionne,Gadsdon,dgadsdonu@twitpic.com,Female,235.216.20.78
32,Garv,Braune,gbraunev@si.edu,Male,56.139.25.46
33,Bealle,Dewsnap,bdewsnapw@dmoz.org,Male,59.187.226.114
34,Darryl,Brechin,dbrechinx@sun.com,Male,122.232.132.68
35,Nedda,Grimme,ngrimmey@timesonline.co.uk,Female,205.101.222.94
36,Nancie,Pumphreys,npumphreysz@fastcompany.com,Female,11.163.149.31
37,Abby,Marquiss,amarquiss10@google.cn,Male,238.63.251.94
38,Jessamine,Hannibal,jhannibal11@oaic.gov.au,Female,50.163.98.22
39,Trixy,Morales,tmorales12@businessweek.com,Bigender,252.129.65.69
40,Elissa,Walrond,ewalrond13@scientificamerican.com,Female,247.96.96.140
41,Tore,Truluck,ttruluck14@kickstarter.com,Male,68.28.155.48
42,Seumas,Dransfield,sdransfield15@admin.ch,Male,5.82.69.155
43,Hildegaard,Creebo,hcreebo16@columbia.edu,Female,184.103.14.34
44,Valaria,Peat,vpeat17@time.com,Female,152.99.119.126
45,Phylys,Dracksford,pdracksford18@jimdo.com,Female,151.41.117.214
46,Estevan,Laxon,elaxon19@wsj.com,Male,124.28.135.65
47,Parker,McGinnis,pmcginnis1a@chron.com,Male,16.40.57.33
48,Sherman,Rossander,srossander1b@examiner.com,Male,126.67.206.184
49,Ethe,Sima,esima1c@tinyurl.com,Male,126.166.58.51
50,Viva,Bassick,vbassick1d@topsy.com,Female,231.33.91.143
51,Jodi,Healeas,jhealeas1e@list-manage.com,Female,222.159.6.206
52,Marina,Ould,mould1f@hugedomains.com,Bigender,161.27.14.129
53,Florry,Teresi,fteresi1g@tumblr.com,Genderfluid,120.224.108.158
54,Matty,Chaffyn,mchaffyn1h@seattletimes.com,Male,152.113.53.105
55,Hyacintha,Botwood,hbotwood1i@usa.gov,Female,162.220.223.2
56,Emogene,Dixsee,edixsee1j@studiopress.com,Female,219.9.240.156
57,Billie,Gladebeck,bgladebeck1k@etsy.com,Male,203.176.235.225
58,Vite,Eccles,veccles1l@cmu.edu,Male,1.98.242.174
59,Wini,Addess,waddess1m@slideshare.net,Female,186.141.29.53
60,Debee,Cakebread,dcakebread1n@paypal.com,Female,74.83.119.11
61,Sterling,Kristoffersson,skristoffersson1o@ameblo.jp,Male,242.208.138.218
62,Lanny,Symons,lsymons1p@columbia.edu,Agender,205.105.118.22
63,Mala,Fanthome,mfanthome1q@npr.org,Female,61.163.25.30
64,Avram,Markie,amarkie1r@1und1.de,Male,247.250.236.22
65,Evangelina,Meharg,emeharg1s@ocn.ne.jp,Polygender,185.27.168.194
66,Pegeen,Fillan,pfillan1t@geocities.com,Female,217.3.87.169
67,Dulce,Bonome,dbonome1u@constantcontact.com,Female,116.207.11.185
68,Gladi,Vasiljevic,gvasiljevic1v@360.cn,Bigender,133.205.255.142
69,Sheffield,Clilverd,sclilverd1w@bravesites.com,Male,69.36.245.6
70,Vernen,De Lorenzo,vdelorenzo1x@mozilla.com,Male,86.68.171.138
71,Tobit,Vlasin,tvlasin1y@wired.com,Male,137.26.254.229
72,Lydon,Snelgar,lsnelgar1z@unicef.org,Male,240.197.164.64
73,Crissie,Pattlel,cpattlel20@scribd.com,Female,214.185.36.184
74,Shannen,Elsie,selsie21@aboutads.info,Female,165.112.8.36
75,Erin,Broadfield,ebroadfield22@indiegogo.com,Male,58.104.154.104
76,Saunders,Leitche,sleitche23@patch.com,Male,131.33.8.70
77,Sandro,Huxtable,shuxtable24@washington.edu,Male,241.234.151.77
78,Avigdor,Abramsky,aabramsky25@deliciousdays.com,Male,209.47.99.142
79,Janina,Iapico,jiapico26@state.gov,Female,221.168.213.89
80,Abbie,Harflete,aharflete27@github.com,Female,121.215.249.117
81,Amata,Kruszelnicki,akruszelnicki28@t-online.de,Agender,7.244.41.93
82,Keri,Lardez,klardez29@seesaa.net,Genderqueer,223.150.5.108
83,Noam,Markwick,nmarkwick2a@tiny.cc,Male,183.79.26.37
84,Quent,Kew,qkew2b@wufoo.com,Male,161.198.41.202
85,Corissa,Trinder,ctrinder2c@lycos.com,Female,162.244.153.113
86,Zaria,Harmond,zharmond2d@sitemeter.com,Female,115.145.251.155
87,Adlai,Hake,ahake2e@narod.ru,Male,63.242.45.2
88,Isak,McCallum,imccallum2f@amazon.co.jp,Male,211.82.51.25
89,Linda,Gaddas,lgaddas2g@sina.com.cn,Agender,120.88.198.140
90,Jameson,Follows,jfollows2h@google.com.au,Male,220.246.154.157
91,Gram,Sepey,gsepey2i@cnn.com,Male,76.232.95.166
92,Rebecka,Hammell,rhammell2j@homestead.com,Female,204.126.243.198
93,Jere,Arno,jarno2k@xing.com,Male,98.209.219.180
94,Jordan,Greste,jgreste2l@comsenz.com,Genderfluid,107.229.62.205
95,Trevar,Castillon,tcastillon2m@digg.com,Male,136.131.211.21
96,Marcel,Lorriman,mlorriman2n@usa.gov,Male,81.162.14.160
97,Jacklin,Hickenbottom,jhickenbottom2o@purevolume.com,Female,228.113.152.250
98,Cariotta,McMichan,cmcmichan2p@mozilla.org,Female,62.159.59.89
99,Parsifal,Richen,prichen2q@webmd.com,Male,139.190.237.7
100,Cull,Westpfel,cwestpfel2r@ucoz.ru,Genderfluid,209.128.128.209
101,Fleur,Foulsham,ffoulsham2s@hc360.com,Female,221.241.167.214
102,Mickie,Royste,mroyste2t@baidu.com,Non-binary,166.84.110.203
103,Gradeigh,Cattermole,gcattermole2u@moonfruit.com,Male,194.253.42.129
104,Bertina,Oulner,boulner2v@ezinearticles.com,Female,21.86.30.133
105,Briggs,Dudeney,bdudeney2w@mysql.com,Male,113.121.101.78
106,Kessiah,Mc Menamin,kmcmenamin2x@over-blog.com,Female,9.165.14.31
107,Collin,Deinhard,cdeinhard2y@dagondesign.com,Male,140.5.179.21
108,Marlow,Bryant,mbryant2z@opera.com,Male,204.54.237.58
109,Lydia,Applebee,lapplebee30@berkeley.edu,Female,245.207.115.67
110,Myrtice,Tarrant,mtarrant31@cpanel.net,Female,76.219.47.17
111,Bamby,Graben,bgraben32@time.com,Female,235.245.68.183
112,Susan,Calvert,scalvert33@si.edu,Genderfluid,142.78.167.177
113,Sky,Seatter,sseatter34@example.com,Male,147.140.219.116
114,Emlynne,Till,etill35@cdc.gov,Female,223.110.237.255
115,Brandy,Excell,bexcell36@icio.us,Male,11.215.212.182
116,Barde,Chipps,bchipps37@ovh.net,Male,203.180.46.128
117,Gayler,Hatherleigh,ghatherleigh38@constantcontact.com,Male,191.101.244.232
118,Winn,Botham,wbotham39@mapquest.com,Male,4.48.145.142
119,Gerardo,Filippov,gfilippov3a@forbes.com,Male,160.193.33.200
120,Brandyn,Dumberell,bdumberell3b@earthlink.net,Male,21.145.100.24
121,Liz,Caseri,lcaseri3c@ow.ly,Female,100.156.151.11
122,Donovan,Toy,dtoy3d@cisco.com,Bigender,174.170.65.10
123,Normand,Johnstone,njohnstone3e@prweb.com,Male,48.206.38.3
124,Cornie,Sakins,csakins3f@unesco.org,Male,130.138.103.193
125,Montgomery,Cairney,mcairney3g@virginia.edu,Male,122.107.252.14
126,Daven,Jurczyk,djurczyk3h@bbb.org,Male,149.242.236.209
127,Gilly,Tregust,gtregust3i@privacy.gov.au,Agender,139.182.43.37
128,Gelya,Smewings,gsmewings3j@artisteer.com,Female,24.198.232.128
129,Roarke,Jakubczyk,rjakubczyk3k@time.com,Genderqueer,98.1.135.189
130,Eldredge,Ivannikov,eivannikov3l@addtoany.com,Male,114.83.242.173
131,Jillana,Wittering,jwittering3m@php.net,Female,48.182.216.190
132,Yoshiko,Prinett,yprinett3n@cocolog-nifty.com,Female,241.233.22.241
133,Jayme,Poore,jpoore3o@angelfire.com,Male,161.90.195.81
134,Simeon,Huffadine,shuffadine3p@elpais.com,Male,231.194.57.203
135,Orelle,Fillary,ofillary3q@weebly.com,Female,168.208.206.21
136,Conant,Chaudret,cchaudret3r@macromedia.com,Male,33.96.73.191
137,Elnore,Vineall,evineall3s@icio.us,Female,193.75.124.247
138,Dexter,Sutheran,dsutheran3t@diigo.com,Male,65.194.125.241
139,Gonzalo,Westrope,gwestrope3u@trellian.com,Male,65.137.226.3
140,Bendix,Ibel,bibel3v@weibo.com,Male,112.5.17.54
141,Huberto,Puddifer,hpuddifer3w@gizmodo.com,Male,172.178.51.83
142,Caye,Klimkin,cklimkin3x@unblog.fr,Female,175.59.121.6
143,Leonid,Novello,lnovello3y@51.la,Male,195.104.161.240
144,Cilka,Denniston,cdenniston3z@wikimedia.org,Female,128.112.133.67
145,Garvin,Rubenov,grubenov40@meetup.com,Male,181.239.116.252
146,Pavla,Lomis,plomis41@ihg.com,Female,179.121.77.16
147,Rudie,Fantone,rfantone42@cmu.edu,Male,207.12.211.64
148,Barty,Curnucke,bcurnucke43@dailymail.co.uk,Male,216.87.79.197
149,Ulises,Mosdill,umosdill44@paypal.com,Bigender,16.19.219.62
150,Ryan,Hakey,rhakey45@java.com,Male,17.212.109.74
151,Welch,Toppas,wtoppas46@whitehouse.gov,Male,54.177.76.20
152,Danni,Kyneton,dkyneton47@fastcompany.com,Female,133.26.11.151
153,Kristofor,Elvy,kelvy48@skyrock.com,Male,243.147.117.135
154,Jessi,Adamczewski,jadamczewski49@nyu.edu,Female,21.216.141.229
155,Yorker,Benettolo,ybenettolo4a@biglobe.ne.jp,Male,75.56.225.104
156,Janel,Kuscha,jkuscha4b@biblegateway.com,Female,23.186.187.200
157,Fidole,Fayter,ffayter4c@themeforest.net,Male,219.111.30.202
158,Odella,Gergely,ogergely4d@51.la,Female,129.69.166.191
159,Simone,Radford,sradford4e@theglobeandmail.com,Male,250.199.26.174
160,Sydelle,Ambrosio,sambrosio4f@drupal.org,Female,29.179.123.156
161,Lonnie,Rowe,lrowe4g@altervista.org,Male,235.163.182.76
162,Ogden,Melvin,omelvin4h@imageshack.us,Male,207.199.81.119
163,Lynnea,Render,lrender4i@xrea.com,Female,200.253.20.55
164,Heida,Codner,hcodner4j@networkadvertising.org,Female,146.132.209.140
165,Ram,Fonzo,rfonzo4k@eepurl.com,Male,161.208.216.82
166,Amberly,Laurance,alaurance4l@mit.edu,Female,114.113.150.242
167,Bailey,Leather,bleather4m@issuu.com,Male,240.9.27.111
168,Crista,Henner,chenner4n@bloglines.com,Female,145.79.119.205
169,Waldon,Haxbie,whaxbie4o@furl.net,Male,127.4.231.208
170,Dani,Foulstone,dfoulstone4p@nih.gov,Female,221.250.33.78
171,Zandra,Kubyszek,zkubyszek4q@mlb.com,Female,169.109.1.185
172,Vidovik,Grabbam,vgrabbam4r@last.fm,Male,182.139.23.200
173,Arther,Haggidon,ahaggidon4s@webs.com,Male,93.220.66.206
174,Cathy,Catley,ccatley4t@posterous.com,Female,204.224.105.12
175,Sammy,Amphlett,samphlett4u@forbes.com,Male,114.137.34.254
176,Austin,Astle,aastle4v@163.com,Male,158.182.41.201
177,Cari,Blissitt,cblissitt4w@g.co,Female,41.86.222.30
178,Antonia,Bolduc,abolduc4x@t-online.de,Female,198.107.20.45
179,Lee,Quarry,lquarry4y@i2i.jp,Male,169.126.44.219
180,Lewie,Crier,lcrier4z@slideshare.net,Male,122.185.201.227
181,Robb,Lascelles,rlascelles50@usatoday.com,Male,187.91.232.9
182,Cordey,Perse,cperse51@thetimes.co.uk,Female,132.114.87.85
183,Currie,Cobbledick,ccobbledick52@jigsy.com,Male,76.25.61.177
184,Jody,Oulner,joulner53@so-net.ne.jp,Male,150.141.99.44
185,Padriac,Ferrarin,pferrarin54@dyndns.org,Male,135.1.79.136
186,Christiano,Cardinale,ccardinale55@nhs.uk,Male,166.229.135.26
187,Megan,Forgie,mforgie56@icio.us,Female,182.92.81.156
188,Pincus,Echelle,pechelle57@cnet.com,Male,63.82.120.14
189,Lauren,Gorring,lgorring58@discovery.com,Male,178.113.88.138
190,Abbie,Barbara,abarbara59@printfriendly.com,Male,67.11.138.8
191,Upton,Mitten,umitten5a@epa.gov,Genderqueer,57.81.245.236
192,Clary,Sinnatt,csinnatt5b@moonfruit.com,Female,112.130.83.203
193,Ninette,Roussell,nroussell5c@comcast.net,Female,51.122.168.59
194,Walker,McQuillan,wmcquillan5d@tmall.com,Male,134.226.143.117
195,Alis,Pearce,apearce5e@360.cn,Female,49.6.108.155
196,Foss,Have,fhave5f@nymag.com,Male,229.173.135.24
197,Ramona,Granger,rgranger5g@domainmarket.com,Female,249.85.102.34
198,Janith,Vogele,jvogele5h@shinystat.com,Female,214.36.177.27
199,Giacopo,Peet,gpeet5i@addtoany.com,Male,186.108.189.52
200,Krispin,Elce,kelce5j@columbia.edu,Male,218.78.231.103
201,Darcey,Galgey,dgalgey5k@marketwatch.com,Female,146.66.177.149
202,Hanna,Turbitt,hturbitt5l@wikia.com,Female,231.192.199.6
203,Oates,McGruar,omcgruar5m@huffingtonpost.com,Male,143.70.2.237
204,Hew,Francescotti,hfrancescotti5n@walmart.com,Bigender,239.87.157.209
205,Peyter,Hegg,phegg5o@gravatar.com,Male,9.13.99.158
206,Georgine,Drewell,gdrewell5p@slideshare.net,Female,202.32.77.213
207,Brynn,Emanueli,bemanueli5q@seattletimes.com,Female,242.104.92.210
208,Van,Fenech,vfenech5r@wisc.edu,Male,103.193.218.83
209,Grier,Reijmers,greijmers5s@a8.net,Female,171.45.83.24
210,Eden,O'Spillane,eospillane5t@patch.com,Female,203.205.66.54
211,Rad,Craney,rcraney5u@cbc.ca,Male,164.121.55.7
212,Horton,Pattinson,hpattinson5v@kickstarter.com,Male,59.216.126.27
213,Eugenius,Pakes,epakes5w@xinhuanet.com,Male,121.15.61.230
214,Corissa,Sarfatti,csarfatti5x@irs.gov,Female,10.176.65.93
215,Valma,Hovert,vhovert5y@homestead.com,Female,218.81.217.236
216,Casper,Stinton,cstinton5z@reverbnation.com,Male,138.115.229.84
217,Normie,Scarsbrooke,nscarsbrooke60@un.org,Male,232.106.204.62
218,Annissa,Trayte,atrayte61@opensource.org,Female,192.121.245.154
219,Casar,Paulot,cpaulot62@ow.ly,Male,54.34.91.127
220,Mellisent,Cinderey,mcinderey63@microsoft.com,Female,171.28.161.192
221,Shurwood,Grzegorczyk,sgrzegorczyk64@ow.ly,Male,1.239.142.244
222,Chas,De Bellis,cdebellis65@forbes.com,Male,178.56.217.164
223,Delinda,Omand,domand66@discovery.com,Female,24.39.250.58
224,Francene,Petcher,fpetcher67@bloomberg.com,Female,93.102.61.132
225,Wynne,Thew,wthew68@samsung.com,Female,221.221.177.223
226,Herculie,Colcomb,hcolcomb69@hp.com,Male,23.125.234.224
227,Marillin,Boast,mboast6a@desdev.cn,Female,93.61.190.91
228,Sargent,Dormand,sdormand6b@icq.com,Male,106.73.73.67
229,Joellyn,Abelwhite,jabelwhite6c@themeforest.net,Female,25.45.33.169
230,Ellene,Cosgreave,ecosgreave6d@dot.gov,Polygender,46.118.121.26
231,Launce,McIlroy,lmcilroy6e@wired.com,Male,229.123.96.224
232,Caria,Morecomb,cmorecomb6f@ft.com,Female,45.129.196.71
233,Andonis,Fetteplace,afetteplace6g@wordpress.org,Male,141.92.247.126
234,Forest,Gulley,fgulley6h@youtube.com,Male,245.235.8.226
235,Ruggiero,Skeldon,rskeldon6i@yellowpages.com,Male,155.17.235.1
236,Maud,Hanbury,mhanbury6j@disqus.com,Female,203.154.183.82
237,Vance,Joynson,vjoynson6k@cbc.ca,Male,189.112.48.86
238,Erik,Sommerfeld,esommerfeld6l@independent.co.uk,Male,57.104.220.31
239,Verney,Falkinder,vfalkinder6m@yelp.com,Male,136.106.248.55
240,Farlee,Aasaf,faasaf6n@salon.com,Male,94.69.188.132
241,Moe,Bohlje,mbohlje6o@a8.net,Male,134.223.100.115
242,Hasty,Bowers,hbowers6p@discovery.com,Male,250.241.254.2
243,Stefa,Mantrip,smantrip6q@whitehouse.gov,Genderqueer,117.45.81.244
244,Sonny,Cobbled,scobbled6r@house.gov,Male,9.129.66.117
245,Josh,Bloan,jbloan6s@woothemes.com,Male,70.205.116.175
246,Joey,Gifford,jgifford6t@europa.eu,Male,21.182.102.142
247,Harri,Rippingale,hrippingale6u@princeton.edu,Female,247.5.242.216
248,Lamont,Clerc,lclerc6v@scientificamerican.com,Male,153.87.35.4
249,Don,Colthard,dcolthard6w@xrea.com,Male,119.54.108.91
250,Sal,Toffel,stoffel6x@tiny.cc,Female,34.188.244.65
251,Jewelle,Haugh,jhaugh6y@biblegateway.com,Female,113.156.124.97
252,Janna,Grotty,jgrotty6z@marketwatch.com,Female,250.242.16.249
253,Sheila,Goomes,sgoomes70@usa.gov,Female,124.175.239.105
254,Cary,Menlow,cmenlow71@xrea.com,Male,51.84.8.226
255,Harmonia,Braker,hbraker72@ow.ly,Female,86.235.233.108
256,Erin,Gay,egay73@cnn.com,Male,170.106.100.167
257,Crystal,Dods,cdods74@prlog.org,Female,35.225.181.48
258,Lizabeth,Harvett,lharvett75@cbslocal.com,Female,99.178.30.169
259,Lazare,Westall,lwestall76@discovery.com,Male,154.232.135.59
260,Read,Esler,resler77@1und1.de,Genderfluid,176.189.178.130
261,Tobe,Grooby,tgrooby78@weebly.com,Male,122.39.123.44
262,Leilah,Benton,lbenton79@biglobe.ne.jp,Female,144.114.139.88
263,Nickey,Pickston,npickston7a@so-net.ne.jp,Male,14.185.225.119
264,Melisa,Axelby,maxelby7b@sbwire.com,Female,213.184.33.167
265,Thornie,Huyche,thuyche7c@timesonline.co.uk,Male,75.7.96.118
266,Dulcia,MacGown,dmacgown7d@biblegateway.com,Female,203.110.134.93
267,Merrielle,Hanway,mhanway7e@eventbrite.com,Female,29.171.117.101
268,Charmaine,Jennions,cjennions7f@delicious.com,Female,246.53.67.55
269,Guillermo,Dulany,gdulany7g@hostgator.com,Male,228.201.128.92
270,Stearne,Jennings,sjennings7h@github.io,Male,142.180.242.213
271,Garrek,Roth,groth7i@msu.edu,Male,117.217.201.99
272,Garrard,McJury,gmcjury7j@purevolume.com,Male,35.154.175.13
273,Debee,Skurray,dskurray7k@chicagotribune.com,Female,8.97.231.171
274,Brose,Chadbourne,bchadbourne7l@europa.eu,Male,29.61.73.2
275,Trudey,Dunseath,tdunseath7m@upenn.edu,Female,125.30.155.163
276,Theodoric,Persey,tpersey7n@soup.io,Male,140.202.212.85
277,Amanda,MacCaghan,amaccaghan7o@nydailynews.com,Genderfluid,223.113.15.85
278,Ewell,Le Brun,elebrun7p@amazon.co.uk,Male,211.177.106.173
279,Daryle,Burchett,dburchett7q@freewebs.com,Male,193.160.106.142
280,Mortie,Bounde,mbounde7r@samsung.com,Male,172.205.71.62
281,Brit,Cobbledick,bcobbledick7s@ifeng.com,Male,129.221.205.15
282,Tyrus,Olyet,tolyet7t@loc.gov,Male,90.1.24.199
283,Larissa,Knowlson,lknowlson7u@bloomberg.com,Genderfluid,132.252.104.95
284,Cindee,Claesens,cclaesens7v@cmu.edu,Polygender,227.90.145.34
285,Harmon,Robrow,hrobrow7w@bbb.org,Male,148.56.11.23
286,Chariot,Parnby,cparnby7x@seattletimes.com,Male,149.126.87.209
287,Tripp,Oddie,toddie7y@arstechnica.com,Male,253.62.124.30
288,Lyssa,Whitwood,lwhitwood7z@myspace.com,Female,71.112.114.235
289,Helen-elizabeth,Giraux,hgiraux80@mapy.cz,Female,134.44.211.61
290,Hillel,Hastwall,hhastwall81@pbs.org,Male,109.237.252.50
291,Derron,Jannings,djannings82@pagesperso-orange.fr,Male,42.149.97.92
292,Orelee,Dubery,odubery83@free.fr,Female,22.121.187.34
293,Alexine,Rumford,arumford84@fema.gov,Female,189.69.99.225
294,Gabriell,Rivard,grivard85@phoca.cz,Female,245.133.241.209
295,Ertha,Bard,ebard86@virginia.edu,Female,202.188.158.78
296,Edi,Spreag,espreag87@princeton.edu,Female,42.104.93.139
297,Kelley,Guildford,kguildford88@hc360.com,Female,188.216.65.137
298,Roze,Widdocks,rwiddocks89@trellian.com,Female,108.250.96.254
299,Che,Iskowitz,ciskowitz8a@51.la,Male,115.82.233.118
300,Hobey,Tallowin,htallowin8b@constantcontact.com,Male,229.17.48.77
301,Robers,Beminster,rbeminster8c@foxnews.com,Male,146.102.189.250
302,Valentina,Dine-Hart,vdinehart8d@diigo.com,Female,120.19.186.237
303,Zollie,Albers,zalbers8e@google.com,Male,196.237.18.29
304,Hillyer,Brandham,hbrandham8f@ihg.com,Genderfluid,94.118.51.236
305,Baron,Mattisson,bmattisson8g@amazon.com,Non-binary,165.48.185.162
306,Morry,Steward,msteward8h@macromedia.com,Male,238.50.176.77
307,Vale,Garstan,vgarstan8i@businesswire.com,Male,209.160.238.166
308,Merola,Harty,mharty8j@huffingtonpost.com,Female,47.155.105.89
309,Olympia,Fogg,ofogg8k@cargocollective.com,Female,142.169.132.177
310,Margalit,Polotti,mpolotti8l@cnbc.com,Female,159.49.39.73
311,Cesare,Sprosson,csprosson8m@ycombinator.com,Male,38.233.93.225
312,Anatol,Lesmonde,alesmonde8n@vimeo.com,Male,53.129.189.53
313,Ninnette,Hinckley,nhinckley8o@freewebs.com,Female,29.58.12.193
314,Silvester,Cockram,scockram8p@odnoklassniki.ru,Male,42.89.33.113
315,Hubie,Gilhool,hgilhool8q@cnet.com,Male,244.38.4.4
316,Yulma,McTrustam,ymctrustam8r@berkeley.edu,Male,152.183.12.202
317,Bernetta,Pledger,bpledger8s@taobao.com,Female,170.168.98.33
318,Kanya,Weightman,kweightman8t@boston.com,Female,33.8.50.34
319,Merry,Rollitt,mrollitt8u@cargocollective.com,Male,241.49.110.148
320,Roddy,Djurevic,rdjurevic8v@parallels.com,Male,57.121.63.133
321,Odey,Wood,owood8w@sphinn.com,Male,81.148.25.208
322,Tobe,Benazet,tbenazet8x@miibeian.gov.cn,Male,255.5.115.63
323,Giffer,Clifford,gclifford8y@oaic.gov.au,Male,142.218.104.200
324,Antin,Pavluk,apavluk8z@tamu.edu,Male,61.52.68.171
325,Bjorn,Bastian,bbastian90@mlb.com,Male,23.185.102.24
326,Amery,Ferrolli,aferrolli91@aol.com,Male,89.242.22.6
327,Ashla,Jekel,ajekel92@abc.net.au,Female,115.21.236.13
328,Barbaraanne,Hyslop,bhyslop93@cornell.edu,Female,1.159.233.16
329,Carolann,Rollinson,crollinson94@ucla.edu,Female,173.80.44.204
330,Dusty,Girdlestone,dgirdlestone95@go.com,Female,225.47.113.143
331,Ban,Duthy,bduthy96@comcast.net,Male,67.78.70.235
332,Karon,Bickerton,kbickerton97@bbb.org,Female,165.106.58.56
333,Zack,Liger,zliger98@nbcnews.com,Male,167.38.136.102
334,Daphna,Dureden,ddureden99@last.fm,Female,18.159.159.227
335,Nelly,Pavyer,npavyer9a@sohu.com,Female,102.102.86.243
336,Lyndsay,Maclaine,lmaclaine9b@chicagotribune.com,Female,206.164.55.6
337,Olivia,California,ocalifornia9c@seattletimes.com,Female,2.68.63.22
338,Guthrey,Howlings,ghowlings9d@intel.com,Male,21.107.250.201
339,Cordelie,Cutchee,ccutchee9e@purevolume.com,Non-binary,141.168.254.216
340,Wileen,Cowlin,wcowlin9f@newsvine.com,Female,24.15.217.16
341,Raffaello,Bushell,rbushell9g@army.mil,Male,61.188.121.250
342,Alessandro,Garfirth,agarfirth9h@joomla.org,Male,240.223.126.68
343,Jess,Behrend,jbehrend9i@qq.com,Male,116.110.224.73
344,Colan,Fley,cfley9j@google.ru,Male,91.167.230.115
345,Lars,Rickell,lrickell9k@google.ca,Male,218.23.251.53
346,Carmencita,Stivey,cstivey9l@amazon.de,Female,79.220.42.106
347,Lyon,Blaw,lblaw9m@fc2.com,Genderqueer,179.245.69.253
348,Enos,O'Finan,eofinan9n@skyrock.com,Male,206.84.237.252
349,Teodor,Jaram,tjaram9o@google.ru,Male,91.231.246.205
350,Caryl,Marginson,cmarginson9p@dailymail.co.uk,Male,96.117.97.65
351,Merrielle,Nevin,mnevin9q@51.la,Female,65.176.250.209
352,Olwen,Brinson,obrinson9r@walmart.com,Female,147.1.100.179
353,Bernelle,Mallock,bmallock9s@dmoz.org,Female,30.204.209.158
354,Gordan,Hillyatt,ghillyatt9t@hibu.com,Bigender,209.109.253.207
355,Andriette,Bernli,abernli9u@wordpress.com,Female,225.42.80.29
356,Hilary,Reasce,hreasce9v@quantcast.com,Female,252.99.44.100
357,Drake,Summerson,dsummerson9w@odnoklassniki.ru,Male,247.196.236.181
358,Donny,Guihen,dguihen9x@ow.ly,Female,158.52.173.173
359,Danella,Bew,dbew9y@shutterfly.com,Female,161.19.195.64
360,Thea,Allnatt,tallnatt9z@topsy.com,Female,12.214.31.136
361,Efren,Antunez,eantuneza0@liveinternet.ru,Male,65.132.101.72
362,Leshia,Wolton,lwoltona1@timesonline.co.uk,Female,118.31.133.54
363,Henriette,Colleymore,hcolleymorea2@symantec.com,Female,250.34.42.37
364,Fin,Wallsworth,fwallswortha3@yale.edu,Male,83.25.28.32
365,Guenevere,Osgardby,gosgardbya4@howstuffworks.com,Female,214.43.57.239
366,Irma,Hernik,ihernika5@last.fm,Female,3.141.119.137
367,Jefferson,Millea,jmilleaa6@unicef.org,Male,15.218.6.221
368,Shir,Banghe,sbanghea7@surveymonkey.com,Female,60.232.24.54
369,Thorin,Guesford,tguesforda8@shareasale.com,Male,148.172.251.7
370,Luther,Hessay,lhessaya9@networksolutions.com,Male,44.54.239.38
371,Enrika,Olliar,eolliaraa@patch.com,Female,10.179.156.246
372,Winnah,Cloy,wcloyab@bluehost.com,Female,245.2.5.209
373,Enid,Guitonneau,eguitonneauac@chicagotribune.com,Female,194.101.19.62
374,Jesus,Andri,jandriad@lycos.com,Male,122.141.223.4
375,Barnabe,Feighry,bfeighryae@creativecommons.org,Male,62.250.89.166
376,Selinda,Webburn,swebburnaf@yolasite.com,Female,1.20.255.231
377,Peterus,Gascard,pgascardag@wix.com,Male,42.218.140.154
378,Brandice,MacPherson,bmacphersonah@istockphoto.com,Female,220.255.45.118
379,Juliana,Canizares,jcanizaresai@baidu.com,Female,176.47.108.40
380,Torie,Cahalan,tcahalanaj@apache.org,Female,172.138.136.13
381,Alair,Sines,asinesak@jigsy.com,Male,167.160.48.177
382,Jerrome,Colgan,jcolganal@huffingtonpost.com,Non-binary,73.8.95.92
383,Nil,Cockshott,ncockshottam@cbsnews.com,Male,16.243.138.3
384,Adan,Tommaseo,atommaseoan@wikimedia.org,Male,251.183.68.139
385,Issiah,Martine,imartineao@pbs.org,Male,90.5.240.138
386,Mufi,O'Gready,mogreadyap@imgur.com,Female,38.83.212.148
387,Skipper,Cicculini,scicculiniaq@spotify.com,Male,158.156.72.62
388,Pauly,Hulk,phulkar@usgs.gov,Male,109.67.176.86
389,Shena,Robertz,srobertzas@edublogs.org,Female,115.36.236.77
390,Claudian,O' Dornan,codornanat@sbwire.com,Bigender,30.215.105.133
391,Emmanuel,Stoggell,estoggellau@paypal.com,Male,145.229.63.210
392,Clotilda,Habben,chabbenav@phpbb.com,Female,17.175.103.67
393,Silvester,Bruck,sbruckaw@princeton.edu,Male,54.211.79.114
394,Anastasie,Levecque,alevecqueax@twitter.com,Non-binary,152.148.20.150
395,Alasteir,Biddell,abiddellay@usnews.com,Male,189.162.234.96
396,Dayle,Impy,dimpyaz@slate.com,Female,66.233.213.7
397,Flossy,Pattle,fpattleb0@deviantart.com,Female,65.123.113.207
398,Mignon,Strathe,mstratheb1@hud.gov,Female,32.116.93.70
399,Diarmid,Payfoot,dpayfootb2@ucoz.com,Male,239.199.7.206
400,Mattie,Collabine,mcollabineb3@alexa.com,Female,144.60.22.104
401,Pip,Knighton,pknightonb4@free.fr,Male,180.71.100.99
402,Nessi,Maydwell,nmaydwellb5@hc360.com,Female,57.210.29.2
403,Vallie,Willeson,vwillesonb6@biblegateway.com,Female,21.149.162.108
404,Hildy,Huddles,hhuddlesb7@free.fr,Female,99.21.230.164
405,Cynthia,Pearch,cpearchb8@nifty.com,Female,127.27.175.55
406,Hendrik,Norledge,hnorledgeb9@elpais.com,Male,237.113.154.154
407,Stacey,Palser,spalserba@netscape.com,Female,117.156.255.13
408,Eldin,Calyton,ecalytonbb@instagram.com,Male,182.175.218.113
409,Stanly,Hasley,shasleybc@utexas.edu,Genderfluid,86.50.194.249
410,Bruce,Abramow,babramowbd@hc360.com,Male,58.173.152.139
411,Chev,Schnieder,cschniederbe@ihg.com,Male,133.228.189.172
412,Bing,Rendell,brendellbf@theguardian.com,Male,44.184.136.98
413,Ninnette,Hayward,nhaywardbg@prlog.org,Female,56.193.107.218
414,Carie,Mabone,cmabonebh@archive.org,Female,134.128.105.193
415,Anatola,Upston,aupstonbi@apple.com,Female,60.108.116.187
416,Torey,Abraham,tabrahambj@yelp.com,Non-binary,80.9.175.36
417,Nev,Pandie,npandiebk@jalbum.net,Agender,167.145.197.198
418,Theodora,Serraillier,tserraillierbl@oaic.gov.au,Female,9.217.68.245
419,Demetra,Dragge,ddraggebm@tuttocitta.it,Female,111.9.235.92
420,Lorri,Allday,lalldaybn@booking.com,Female,108.18.136.126
421,Rollins,Ramelet,rrameletbo@ycombinator.com,Male,99.229.214.96
422,Ring,Vedenisov,rvedenisovbp@slate.com,Agender,92.241.215.169
423,Arny,Beedom,abeedombq@accuweather.com,Male,237.161.163.155
424,Zacharie,Parfrey,zparfreybr@cpanel.net,Male,215.253.171.59
425,Shelley,Joysey,sjoyseybs@sciencedaily.com,Female,180.225.158.220
426,Karon,Backman,kbackmanbt@upenn.edu,Female,211.31.201.91
427,Dwain,Cantle,dcantlebu@networksolutions.com,Polygender,156.150.162.167
428,Kissie,Starte,kstartebv@epa.gov,Female,128.87.26.25
429,Melanie,Ulster,mulsterbw@mapquest.com,Female,188.0.47.151
430,Dani,Trythall,dtrythallbx@163.com,Female,0.7.79.199
431,Theodoric,Gaddes,tgaddesby@blog.com,Male,180.154.243.91
432,Whit,Critchell,wcritchellbz@go.com,Male,188.118.107.73
433,Maddy,Phette,mphettec0@timesonline.co.uk,Male,221.209.151.138
434,Fredelia,Kubin,fkubinc1@ftc.gov,Female,202.82.197.135
435,Hedy,Pantin,hpantinc2@sohu.com,Female,213.30.238.172
436,Alix,Breslau,abreslauc3@ustream.tv,Male,48.131.60.180
437,Desi,Prozillo,dprozilloc4@bing.com,Male,238.236.179.67
438,Gregory,Partkya,gpartkyac5@youku.com,Male,4.177.242.23
439,Raynard,Marquess,rmarquessc6@delicious.com,Male,55.204.142.127
440,Fabien,Limprecht,flimprechtc7@washingtonpost.com,Male,250.168.230.213
441,Terrance,McTiernan,tmctiernanc8@springer.com,Male,66.109.10.94
442,Bambie,Curnick,bcurnickc9@cyberchimps.com,Female,122.123.57.101
443,Archibald,Bozier,abozierca@gravatar.com,Male,85.93.79.86
444,Eran,Sanderson,esandersoncb@independent.co.uk,Female,124.100.51.45
445,Alberta,Isles,aislescc@geocities.com,Female,24.252.64.72
446,Miltie,Hedling,mhedlingcd@wufoo.com,Male,140.134.113.78
447,Dalis,Glenwright,dglenwrightce@nationalgeographic.com,Male,83.152.193.19
448,Lanni,Drayn,ldrayncf@etsy.com,Polygender,221.60.12.221
449,Georges,Heatley,gheatleycg@youtu.be,Male,238.79.250.121
450,Aland,Egdale,aegdalech@admin.ch,Male,150.151.108.111
451,Agatha,Gantzer,agantzerci@princeton.edu,Female,201.27.109.28
452,Fallon,Vasilenko,fvasilenkocj@blogs.com,Female,233.168.130.18
453,Hally,Jorn,hjornck@slashdot.org,Female,37.145.24.60
454,Carmina,Baudino,cbaudinocl@gnu.org,Female,90.52.187.68
455,Ulrich,Faust,ufaustcm@wix.com,Male,166.100.23.67
456,Evvy,Ewan,eewancn@xinhuanet.com,Female,97.173.21.181
457,Siward,Bloxholm,sbloxholmco@techcrunch.com,Male,33.50.67.191
458,Thurstan,Petley,tpetleycp@hubpages.com,Male,164.76.75.238
459,Luis,Eblein,lebleincq@cdc.gov,Male,67.240.239.224
460,Kennie,Lines,klinescr@dmoz.org,Male,3.196.30.240
461,Angeli,Wishkar,awishkarcs@whitehouse.gov,Male,141.189.132.135
462,Amble,Minichillo,aminichilloct@xing.com,Male,114.156.187.104
463,Adam,Gerin,agerincu@jalbum.net,Male,217.246.201.130
464,Sherwin,Fones,sfonescv@alexa.com,Male,126.47.146.247
465,Thornton,Stearn,tstearncw@privacy.gov.au,Genderqueer,112.45.232.131
466,Luce,Blastock,lblastockcx@uol.com.br,Female,177.32.22.22
467,Oralee,Cookney,ocookneycy@ed.gov,Female,157.239.137.153
468,Warden,Fassmann,wfassmanncz@mozilla.com,Male,51.192.133.6
469,Dev,Andrewartha,dandrewarthad0@google.pl,Male,149.158.84.112
470,Osbourn,Mastrantone,omastrantoned1@digg.com,Male,41.194.118.68
471,Carmencita,Deacon,cdeacond2@twitter.com,Agender,156.98.199.113
472,Clo,Leibold,cleiboldd3@skype.com,Female,161.24.233.101
473,Ozzie,McKerton,omckertond4@imdb.com,Male,148.235.104.127
474,Kim,Gindghill,kgindghilld5@jiathis.com,Female,70.131.168.232
475,Gabi,McIlreavy,gmcilreavyd6@free.fr,Female,153.20.151.142
476,Kaitlin,Eardley,keardleyd7@4shared.com,Female,186.73.158.67
477,Jenna,Stoyle,jstoyled8@squidoo.com,Female,54.227.102.100
478,Ritchie,Longland,rlonglandd9@taobao.com,Male,15.207.149.74
479,Harrie,Scaice,hscaiceda@weibo.com,Female,42.222.43.50
480,Nina,Hardaway,nhardawaydb@scientificamerican.com,Female,143.73.142.145
481,Valencia,Harbar,vharbardc@oracle.com,Female,140.5.48.139
482,Vin,Tassel,vtasseldd@va.gov,Female,52.178.164.107
483,Arny,Rogger,aroggerde@devhub.com,Male,25.153.176.19
484,Alic,Haller,ahallerdf@yellowpages.com,Male,52.107.212.49
485,Frederica,Larkcum,flarkcumdg@answers.com,Female,50.30.30.72
486,Zacherie,Beckenham,zbeckenhamdh@blogger.com,Male,23.67.229.29
487,Tildie,Gamage,tgamagedi@drupal.org,Female,36.250.35.194
488,Henri,Gatehouse,hgatehousedj@skyrock.com,Male,85.189.34.215
489,Sebastiano,Surphliss,ssurphlissdk@mail.ru,Male,94.225.201.119
490,Sansone,Fassum,sfassumdl@army.mil,Male,93.63.51.250
491,Kermie,Kirrens,kkirrensdm@sciencedaily.com,Male,108.27.75.43
492,Jameson,Duke,jdukedn@odnoklassniki.ru,Bigender,21.131.188.100
493,Nelson,Wickerson,nwickersondo@youtube.com,Non-binary,137.165.13.83
494,Sharyl,Nazareth,snazarethdp@timesonline.co.uk,Female,151.175.59.247
495,Sal,Helgass,shelgassdq@nytimes.com,Male,39.141.247.54
496,Sidoney,Yeskov,syeskovdr@illinois.edu,Female,164.33.177.143
497,Noreen,Walkley,nwalkleyds@example.com,Female,204.11.48.37
498,Kristen,Tancock,ktancockdt@wikispaces.com,Female,229.198.4.192
499,Hendrick,Bemlott,hbemlottdu@google.es,Male,192.217.33.168
500,Duncan,Rowdell,drowdelldv@ucoz.ru,Male,236.196.95.235
501,Etta,Fulk,efulkdw@webs.com,Female,110.66.230.115
502,Guillemette,Hastler,ghastlerdx@deliciousdays.com,Female,7.13.103.181
503,Chlo,Gorgl,cgorgldy@gmpg.org,Female,110.26.127.3
504,Brig,Charpin,bcharpindz@tinypic.com,Male,113.80.222.64
505,Felike,Rumbelow,frumbelowe0@nps.gov,Male,126.112.80.215
506,Damian,Codeman,dcodemane1@google.ca,Male,154.238.180.206
507,Corrianne,Kettlestringe,ckettlestringee2@abc.net.au,Female,21.55.207.233
508,Miltie,Simonelli,msimonellie3@hao123.com,Male,54.245.210.12
509,Johanna,Krystek,jkrysteke4@baidu.com,Female,172.29.55.151
510,Tanney,Bergeau,tbergeaue5@meetup.com,Male,60.96.101.64
511,Allister,Sheron,asherone6@sogou.com,Male,75.247.165.76
512,Cecile,Stennes,cstennese7@ucoz.com,Female,167.52.137.187
513,Edmon,McCrann,emccranne8@amazonaws.com,Male,64.79.57.17
514,Leonerd,Gobell,lgobelle9@chicagotribune.com,Bigender,214.217.112.23
515,Evelyn,Lambole,elamboleea@timesonline.co.uk,Male,206.83.126.25
516,Gaelan,Shillam,gshillameb@linkedin.com,Polygender,154.94.223.118
517,Jeni,Frisel,jfriselec@mashable.com,Female,180.25.120.155
518,Ulrica,Dendon,udendoned@ebay.co.uk,Female,121.31.28.161
519,Pat,Palister,ppalisteree@netlog.com,Male,132.90.61.3
520,Tatum,Taphouse,ttaphouseef@uol.com.br,Female,111.250.30.204
521,Man,Iveagh,miveagheg@cloudflare.com,Male,131.131.187.32
522,Valma,Lages,vlageseh@mtv.com,Female,137.87.66.126
523,Dorie,Widger,dwidgerei@behance.net,Female,22.140.232.50
524,Vincent,Renoden,vrenodenej@gizmodo.com,Male,235.210.70.80
525,Brennan,Aprahamian,baprahamianek@nasa.gov,Male,8.219.109.142
526,Zola,Merrett,zmerrettel@huffingtonpost.com,Female,142.67.233.122
527,Annaliese,Garthside,agarthsideem@netlog.com,Female,127.225.131.27
528,Terrye,Storks,tstorksen@squidoo.com,Female,43.50.102.159
529,Mala,Piggin,mpiggineo@icio.us,Female,231.176.15.238
530,Denise,Tortis,dtortisep@smugmug.com,Female,186.148.17.116
531,Nonnah,Gaven,ngaveneq@ihg.com,Female,232.122.254.5
532,Derrik,Armall,darmaller@technorati.com,Genderfluid,59.226.115.144
533,Hephzibah,Romagnosi,hromagnosies@issuu.com,Female,148.166.95.5
534,Patric,Goldsmith,pgoldsmithet@army.mil,Polygender,230.83.145.213
535,Mateo,Matusov,mmatusoveu@marketwatch.com,Agender,194.251.45.127
536,Valenka,McWhin,vmcwhinev@opera.com,Female,121.56.129.13
537,Mabel,Bruck,mbruckew@networkadvertising.org,Female,134.110.233.197
538,Brock,Batkin,bbatkinex@unblog.fr,Male,206.148.248.238
539,Darice,Bruni,dbruniey@biglobe.ne.jp,Female,22.250.161.3
540,Penelopa,Sutherden,psutherdenez@usnews.com,Female,168.50.170.3
541,Gallagher,Kornilyev,gkornilyevf0@shinystat.com,Male,215.72.11.44
542,Joycelin,Thame,jthamef1@tamu.edu,Non-binary,56.189.110.195
543,Bjorn,Piggrem,bpiggremf2@posterous.com,Male,206.242.160.36
544,Livvie,Bachanski,lbachanskif3@smh.com.au,Female,8.81.239.193
545,Gabriela,Sibthorpe,gsibthorpef4@whitehouse.gov,Female,210.247.195.161
546,Raina,Hazeup,rhazeupf5@acquirethisname.com,Female,85.172.50.245
547,Roosevelt,Tweedle,rtweedlef6@technorati.com,Male,191.64.180.211
548,Farlee,Belham,fbelhamf7@usgs.gov,Male,11.190.218.200
549,Keely,Cherryman,kcherrymanf8@archive.org,Female,241.123.235.203
550,Hyacinthe,Blucher,hblucherf9@homestead.com,Female,52.232.43.151
551,Karyl,Lewin,klewinfa@scribd.com,Female,192.251.157.78
552,Leonid,Laimable,llaimablefb@multiply.com,Male,201.187.39.45
553,Elissa,Tamburo,etamburofc@live.com,Female,229.193.170.46
554,Alexis,Kordt,akordtfd@indiatimes.com,Male,212.39.166.118
555,Dreddy,Mara,dmarafe@huffingtonpost.com,Female,241.202.85.231
556,Dyan,Sullly,dsulllyff@google.com.hk,Bigender,74.28.139.227
557,Anabella,Slym,aslymfg@mtv.com,Female,134.224.183.243
558,Boone,Neylon,bneylonfh@rakuten.co.jp,Male,66.31.209.139
559,Glynnis,Edling,gedlingfi@1und1.de,Female,8.134.26.141
560,Myca,Glaum,mglaumfj@jalbum.net,Male,162.147.67.184
561,Muire,Farndale,mfarndalefk@nytimes.com,Female,253.9.63.139
562,Robbi,Biskupek,rbiskupekfl@wix.com,Female,147.202.91.53
563,Norrie,Footer,nfooterfm@exblog.jp,Male,76.246.80.89
564,Hyacinthia,Franchioni,hfranchionifn@tripadvisor.com,Female,39.105.174.86
565,Martainn,Klimczak,mklimczakfo@blog.com,Genderfluid,127.118.91.40
566,Clarine,Romeril,cromerilfp@liveinternet.ru,Female,228.59.195.197
567,Bail,Hammarberg,bhammarbergfq@github.io,Male,190.62.117.106
568,Thia,Wardingley,twardingleyfr@shinystat.com,Polygender,233.140.12.146
569,Dasha,Cratchley,dcratchleyfs@tinyurl.com,Female,141.244.9.116
570,Mariellen,McNair,mmcnairft@google.com.au,Female,1.98.120.173
571,Casar,Bruyntjes,cbruyntjesfu@google.cn,Male,190.168.135.155
572,Lezley,Heardman,lheardmanfv@telegraph.co.uk,Male,209.145.167.96
573,Leo,Garritley,lgarritleyfw@devhub.com,Genderqueer,42.202.220.133
574,Brennen,Cannicott,bcannicottfx@webnode.com,Male,0.116.242.202
575,Eduard,Somes,esomesfy@amazonaws.com,Genderqueer,39.235.156.108
576,Kaitlynn,Bursell,kbursellfz@mlb.com,Female,106.168.71.201
577,Josh,Brecknall,jbrecknallg0@discovery.com,Male,204.215.110.231
578,Tab,Erni,ternig1@walmart.com,Male,183.71.121.131
579,Isobel,Hartegan,ihartegang2@elegantthemes.com,Female,15.186.71.87
580,Kelsi,Jewess,kjewessg3@whitehouse.gov,Female,92.165.82.104
581,Sena,Vanelli,svanellig4@cargocollective.com,Female,244.157.146.177
582,Lurette,Szabo,lszabog5@epa.gov,Female,21.38.80.20
583,Crin,Simmonds,csimmondsg6@skyrock.com,Female,86.173.28.229
584,Yolane,Opy,yopyg7@msn.com,Female,138.222.218.137
585,Kalina,Dog,kdogg8@qq.com,Female,58.29.72.129
586,Cam,Myhan,cmyhang9@prweb.com,Male,15.200.244.169
587,Hakeem,Veschambes,hveschambesga@blogspot.com,Male,114.122.207.104
588,Farr,Binks,fbinksgb@buzzfeed.com,Genderqueer,146.228.64.147
589,Gilburt,Thomke,gthomkegc@cyberchimps.com,Male,87.215.48.119
590,Corney,Eddison,ceddisongd@tinyurl.com,Male,163.85.26.83
591,Thorvald,Diter,tditerge@examiner.com,Male,78.224.86.21
592,Sena,Prosser,sprossergf@youtu.be,Female,11.75.247.162
593,Erik,Danilchev,edanilchevgg@theatlantic.com,Male,233.17.86.64
594,Clerc,Elsby,celsbygh@springer.com,Male,126.115.84.102
595,Anet,Fedder,afeddergi@shinystat.com,Female,13.244.9.204
596,Kermie,Ravelus,kravelusgj@tmall.com,Male,30.189.186.205
597,Ros,Lickorish,rlickorishgk@istockphoto.com,Female,217.150.16.95
598,Deanne,Plaxton,dplaxtongl@thetimes.co.uk,Female,203.137.67.158
599,Duane,Wimmer,dwimmergm@ucla.edu,Male,152.136.169.148
600,Calv,Benzi,cbenzign@odnoklassniki.ru,Male,207.64.82.208
601,Sheilakathryn,Antrobus,santrobusgo@vimeo.com,Female,16.36.253.161
602,Lane,Keppe,lkeppegp@smh.com.au,Male,102.42.184.83
603,Boone,Alder,baldergq@cisco.com,Male,81.161.28.243
604,Kelly,Union,kuniongr@fema.gov,Male,67.14.221.30
605,Reinhard,Featherstonehaugh,rfeatherstonehaughgs@yolasite.com,Male,63.5.180.229
606,Enrica,Zannini,ezanninigt@blogtalkradio.com,Female,163.41.64.205
607,Delano,Brownfield,dbrownfieldgu@latimes.com,Male,0.100.191.222
608,Isa,Rolling,irollinggv@usatoday.com,Male,116.165.80.92
609,Leupold,Hatterslay,lhatterslaygw@zimbio.com,Male,25.104.227.252
610,Leontyne,Tremeer,ltremeergx@state.tx.us,Female,136.17.119.229
611,Nesta,Thurlborn,nthurlborngy@bigcartel.com,Agender,104.235.247.198
612,Gerry,Witherspoon,gwitherspoongz@earthlink.net,Genderqueer,40.90.79.99
613,Myles,Johanning,mjohanningh0@163.com,Male,50.94.223.170
614,Mandy,Kincade,mkincadeh1@cloudflare.com,Female,150.63.71.40
615,Lee,Gilbert,lgilberth2@hp.com,Male,228.139.200.162
616,Ilario,Parradye,iparradyeh3@rediff.com,Male,106.42.152.194
617,Vergil,Rossbrook,vrossbrookh4@1688.com,Male,35.132.212.214
618,Lin,Delatour,ldelatourh5@state.tx.us,Female,158.168.231.162
619,Sanson,Domenici,sdomenicih6@gnu.org,Male,238.45.159.91
620,Abramo,Cuffin,acuffinh7@nifty.com,Genderfluid,167.20.174.82
621,Louie,Weson,lwesonh8@fema.gov,Male,224.155.65.49
622,Isabeau,Matusevich,imatusevichh9@friendfeed.com,Female,94.151.119.112
623,Constance,Dayer,cdayerha@vk.com,Female,85.243.181.21
624,Engracia,Courage,ecouragehb@ibm.com,Female,149.171.169.30
625,Dedra,Ungerechts,dungerechtshc@answers.com,Female,54.241.131.226
626,Isak,Mizen,imizenhd@indiatimes.com,Male,74.237.147.44
627,Caren,Porcher,cporcherhe@npr.org,Female,9.164.212.240
628,Elie,Stockoe,estockoehf@biglobe.ne.jp,Female,96.205.224.131
629,Meade,Minci,mmincihg@lulu.com,Male,255.54.32.160
630,Debora,Meldon,dmeldonhh@wikimedia.org,Female,4.215.248.29
631,Nadya,De Anesy,ndeanesyhi@issuu.com,Female,55.211.47.111
632,Darci,Bartot,dbartothj@noaa.gov,Female,152.184.10.95
633,Sissie,Margrett,smargretthk@yellowpages.com,Female,145.99.193.152
634,Amalee,Diament,adiamenthl@dailymotion.com,Genderfluid,208.158.203.134
635,Rosemaria,Cordie,rcordiehm@dedecms.com,Female,118.2.171.45
636,Wanids,Bellsham,wbellshamhn@theatlantic.com,Female,96.130.121.72
637,Asia,Kleinholz,akleinholzho@dagondesign.com,Female,184.79.32.3
638,Kris,Skelbeck,kskelbeckhp@blogspot.com,Male,150.107.7.105
639,Darcie,Ivankin,divankinhq@nasa.gov,Female,163.11.61.212
640,Abba,Horney,ahorneyhr@hp.com,Male,83.190.216.224
641,Danya,Twell,dtwellhs@sitemeter.com,Male,61.125.65.235
642,Malcolm,Kropach,mkropachht@chronoengine.com,Male,41.75.148.95
643,Consalve,Bannister,cbannisterhu@taobao.com,Male,135.170.231.82
644,Leland,Beernaert,lbeernaerthv@dropbox.com,Male,1.165.197.17
645,Derwin,Grenshiels,dgrenshielshw@slate.com,Male,18.223.116.154
646,Karylin,Balwin,kbalwinhx@auda.org.au,Female,183.47.104.236
647,Mavra,Henlon,mhenlonhy@wp.com,Female,41.129.129.243
648,Abbot,Hendriksen,ahendriksenhz@wp.com,Male,226.233.165.57
649,Nona,Book,nbooki0@parallels.com,Female,179.106.133.1
650,Enoch,Davidsohn,edavidsohni1@elegantthemes.com,Male,23.125.161.163
651,Gal,Canete,gcanetei2@theatlantic.com,Male,14.220.164.221
652,Gwennie,Seger,gsegeri3@nydailynews.com,Non-binary,47.39.76.39
653,Riki,McSparran,rmcsparrani4@alibaba.com,Female,213.102.207.82
654,Alfons,Wong,awongi5@lulu.com,Genderqueer,177.233.145.188
655,Hester,Barta,hbartai6@ameblo.jp,Non-binary,57.1.44.14
656,Dedie,Dabel,ddabeli7@goo.gl,Female,42.227.72.126
657,Joshia,Houldcroft,jhouldcrofti8@51.la,Male,78.214.74.30
658,Oralla,Kerkham,okerkhami9@addtoany.com,Female,255.113.246.58
659,Gustie,Brugsma,gbrugsmaia@ihg.com,Female,188.248.121.68
660,Florie,Gorvin,fgorvinib@unc.edu,Female,190.137.46.105
661,Merry,Mantle,mmantleic@pen.io,Female,19.221.195.86
662,Jamey,Matthiae,jmatthiaeid@joomla.org,Male,249.107.111.71
663,Emmy,Jenkins,ejenkinsie@nasa.gov,Male,178.233.134.157
664,Melloney,Vautre,mvautreif@guardian.co.uk,Female,98.5.2.219
665,Claudio,Mohammad,cmohammadig@joomla.org,Male,253.32.228.69
666,Milt,Stitfall,mstitfallih@springer.com,Male,31.109.36.149
667,Mayer,Eatherton,meathertonii@usa.gov,Male,185.105.242.134
668,Peterus,Westcarr,pwestcarrij@dell.com,Male,3.223.11.208
669,Opal,Bartali,obartaliik@weather.com,Agender,12.185.1.215
670,Jessica,Portriss,jportrissil@tmall.com,Polygender,234.182.21.15
671,Levey,Deniske,ldeniskeim@g.co,Male,63.145.214.27
672,Shaylyn,Drache,sdrachein@desdev.cn,Female,168.176.248.246
673,Toby,Fraine,tfraineio@jimdo.com,Male,41.139.6.77
674,Isaac,Bartosek,ibartosekip@businessweek.com,Male,162.173.232.63
675,Quillan,Huxley,qhuxleyiq@google.com.hk,Male,70.71.110.101
676,Taylor,Sarton,tsartonir@auda.org.au,Male,3.201.18.232
677,Edi,Leades,eleadesis@cocolog-nifty.com,Female,217.152.143.202
678,Paul,Pawelski,ppawelskiit@usa.gov,Male,229.15.160.5
679,Oriana,Studders,ostuddersiu@telegraph.co.uk,Female,133.158.87.59
680,Bryant,Ridehalgh,bridehalghiv@cam.ac.uk,Male,157.52.101.92
681,Zackariah,Sedcole,zsedcoleiw@edublogs.org,Male,19.105.194.182
682,Lorene,Meighan,lmeighanix@yahoo.com,Female,228.147.176.222
683,Kynthia,Muddiman,kmuddimaniy@usgs.gov,Female,44.154.209.64
684,Madalyn,Christaeas,mchristaeasiz@biblegateway.com,Female,221.164.85.8
685,Solomon,Dederick,sdederickj0@census.gov,Male,161.4.143.158
686,Martainn,Hinks,mhinksj1@walmart.com,Male,242.230.11.29
687,Mina,Barfitt,mbarfittj2@i2i.jp,Female,72.89.227.225
688,Stearne,Mercey,smerceyj3@chicagotribune.com,Male,251.103.87.185
689,Glennis,Seabourne,gseabournej4@google.ru,Female,50.42.223.24
690,Sashenka,Murgatroyd,smurgatroydj5@networkadvertising.org,Female,4.105.112.55
691,Benn,Ioan,bioanj6@dedecms.com,Genderqueer,140.192.244.71
692,Maggie,Powell,mpowellj7@adobe.com,Female,39.217.83.211
693,Gayla,Lapsley,glapsleyj8@tinyurl.com,Female,149.173.175.63
694,Luci,Simenet,lsimenetj9@cornell.edu,Female,182.21.127.68
695,Ashlie,Skyner,askynerja@cloudflare.com,Female,246.198.30.193
696,Shela,Peele,speelejb@gnu.org,Female,191.70.70.205
697,Joletta,Mowsley,jmowsleyjc@yale.edu,Female,218.59.55.204
698,Davey,Yesenev,dyesenevjd@cnbc.com,Male,121.84.56.165
699,Daffie,Jakubovics,djakubovicsje@delicious.com,Polygender,124.118.88.41
700,Valentin,Bevington,vbevingtonjf@unicef.org,Male,15.118.56.107
701,Neil,Khristoforov,nkhristoforovjg@scientificamerican.com,Male,74.157.88.61
702,Sabine,Frowde,sfrowdejh@g.co,Female,167.166.29.22
703,Aldric,Fludder,afludderji@moonfruit.com,Male,172.109.193.42
704,Rowland,Carr,rcarrjj@ustream.tv,Male,219.164.109.204
705,Keelby,Charters,kchartersjk@harvard.edu,Male,114.254.185.161
706,Rudyard,Deabill,rdeabilljl@uol.com.br,Genderqueer,216.139.58.83
707,Tobit,Denisard,tdenisardjm@sina.com.cn,Male,77.77.197.197
708,Alverta,Casburn,acasburnjn@tripod.com,Female,57.14.33.31
709,Bryant,Hovenden,bhovendenjo@cnn.com,Male,146.224.146.224
710,Spence,Cromblehome,scromblehomejp@about.com,Male,207.38.132.96
711,Shepperd,Corneljes,scorneljesjq@opera.com,Male,67.8.142.245
712,Winthrop,Falk,wfalkjr@omniture.com,Male,54.142.35.227
713,Erskine,Reicharz,ereicharzjs@sciencedirect.com,Male,249.60.36.50
714,Aigneis,Tomek,atomekjt@cnbc.com,Female,43.104.191.249
715,Dyanne,Peschke,dpeschkeju@opera.com,Genderfluid,8.250.243.119
716,Halie,Carbery,hcarberyjv@hibu.com,Bigender,86.241.2.98
717,Willard,Roeby,wroebyjw@netvibes.com,Male,110.138.47.236
718,Waylon,Scanes,wscanesjx@mozilla.com,Male,156.167.4.235
719,Dawn,Polding,dpoldingjy@ning.com,Female,47.8.234.27
720,Bink,Notton,bnottonjz@mozilla.com,Male,136.151.204.224
721,Yancy,Ick,yickk0@vinaora.com,Bigender,84.68.187.241
722,Krista,Tiltman,ktiltmank1@ycombinator.com,Female,132.132.33.75
723,Elwin,Caskie,ecaskiek2@dailymail.co.uk,Male,169.68.16.15
724,Sheena,Whiston,swhistonk3@typepad.com,Female,143.124.142.53
725,Maximilianus,Leavens,mleavensk4@vinaora.com,Male,232.207.43.5
726,Joanie,Martinuzzi,jmartinuzzik5@alexa.com,Female,23.50.136.7
727,Misha,Gummer,mgummerk6@engadget.com,Female,252.72.64.253
728,Jacky,Bleackly,jbleacklyk7@ycombinator.com,Male,81.195.0.90
729,Celestina,Stansell,cstansellk8@nationalgeographic.com,Female,111.50.60.129
730,Mela,Pimley,mpimleyk9@discovery.com,Female,25.10.10.230
731,Xerxes,McHale,xmchaleka@creativecommons.org,Male,171.99.234.218
732,Adriane,Blanking,ablankingkb@amazon.de,Female,234.148.249.32
733,Byrle,Pre,bprekc@1und1.de,Male,229.178.243.154
734,Godfry,Ganniclifft,gganniclifftkd@yellowbook.com,Male,238.33.198.57
735,Waite,Fleming,wflemingke@amazon.co.jp,Male,6.254.40.191
736,Ediva,McArd,emcardkf@sfgate.com,Female,46.215.92.21
737,Harwell,Littell,hlittellkg@redcross.org,Male,111.161.114.7
738,Corbin,Prowse,cprowsekh@linkedin.com,Male,135.126.208.67
739,Consuela,Nehls,cnehlski@nps.gov,Female,74.236.125.57
740,Aleen,Scroggs,ascroggskj@nasa.gov,Agender,215.92.146.21
741,Kiele,Kighly,kkighlykk@apache.org,Female,10.252.167.4
742,Nevin,Antushev,nantushevkl@sfgate.com,Genderfluid,178.93.199.90
743,Lishe,Nanelli,lnanellikm@mediafire.com,Female,248.252.179.55
744,Bronson,Maggill'Andreis,bmaggillandreiskn@merriam-webster.com,Male,107.146.70.156
745,Audi,Westmerland,awestmerlandko@mediafire.com,Female,172.228.77.202
746,Shawnee,Goulding,sgouldingkp@mail.ru,Female,204.33.5.100
747,Helena,Arnowitz,harnowitzkq@tinyurl.com,Female,136.13.93.111
748,Redd,Titheridge,rtitheridgekr@prlog.org,Male,131.231.125.237
749,Brittni,Bosward,bboswardks@goodreads.com,Female,198.103.93.137
750,Alis,Boshell,aboshellkt@cloudflare.com,Female,1.69.237.22
751,Pandora,Pagin,ppaginku@webmd.com,Female,251.83.153.223
752,Cristin,Holston,cholstonkv@wikia.com,Female,248.14.125.53
753,Jud,Pagett,jpagettkw@sohu.com,Male,12.69.64.238
754,Ericha,Pinare,epinarekx@i2i.jp,Female,148.28.230.199
755,Tandi,Prophet,tprophetky@bizjournals.com,Female,182.87.254.146
756,Dame,Cluelow,dcluelowkz@domainmarket.com,Male,77.214.222.145
757,Darla,Harral,dharrall0@cdbaby.com,Female,131.192.199.86
758,Katerina,Langcastle,klangcastlel1@nyu.edu,Female,7.50.64.4
759,Madge,Pettiford,mpettifordl2@xing.com,Polygender,79.150.251.218
760,Correna,Muggleston,cmugglestonl3@ibm.com,Female,214.215.31.0
761,Valida,Itschakov,vitschakovl4@bbb.org,Female,243.228.156.179
762,Wilma,Coop,wcoopl5@army.mil,Female,201.8.44.255
763,Lucienne,Clemmey,lclemmeyl6@shareasale.com,Female,165.149.181.94
764,Eldon,Hansie,ehansiel7@lycos.com,Male,223.141.236.212
765,Joan,Purdy,jpurdyl8@cmu.edu,Female,247.6.141.12
766,Carey,Rylett,crylettl9@xinhuanet.com,Male,37.95.25.126
767,Josephina,Hadenton,jhadentonla@smh.com.au,Female,144.214.17.100
768,Inger,Horburgh,ihorburghlb@yahoo.com,Male,204.53.87.160
769,Saxon,Feild,sfeildlc@si.edu,Male,1.228.178.184
770,Trstram,Trevascus,ttrevascusld@ebay.com,Male,164.193.240.16
771,Cacilia,Mateus,cmateusle@reference.com,Female,238.61.96.34
772,Brennen,Sands-Allan,bsandsallanlf@dailymail.co.uk,Male,126.230.34.8
773,Marita,Chaffe,mchaffelg@boston.com,Agender,11.135.20.42
774,Vincent,Cohen,vcohenlh@deviantart.com,Male,152.90.89.74
775,Abelard,Dungate,adungateli@unc.edu,Male,172.63.13.14
776,Selby,Lob,sloblj@alibaba.com,Male,229.187.252.107
777,Lora,Wilkisson,lwilkissonlk@kickstarter.com,Female,145.251.247.16
778,Shawn,Bogue,sboguell@yellowbook.com,Female,199.73.179.243
779,Byrann,Ianne,biannelm@aboutads.info,Male,14.189.21.193
780,Rochette,Barraclough,rbarracloughln@discovery.com,Female,206.68.213.211
781,Waylon,Conichie,wconichielo@plala.or.jp,Male,20.207.23.156
782,Arron,Boaler,aboalerlp@diigo.com,Male,94.1.27.251
783,Kristofor,Soame,ksoamelq@live.com,Male,191.92.26.181
784,Octavius,Dunderdale,odunderdalelr@feedburner.com,Male,169.37.53.242
785,Quinn,Lumb,qlumbls@free.fr,Non-binary,198.53.117.33
786,Janenna,Blacklidge,jblacklidgelt@php.net,Bigender,243.231.198.67
787,Lona,Brophy,lbrophylu@taobao.com,Female,67.43.197.32
788,Cyrillus,Gillbanks,cgillbankslv@oakley.com,Male,128.181.186.104
789,Ardelis,Guise,aguiselw@shop-pro.jp,Female,249.51.121.16
790,Thebault,Dymoke,tdymokelx@fda.gov,Male,107.220.52.151
791,Dulcea,Glancy,dglancyly@prweb.com,Female,202.36.124.96
792,Ahmad,Dello,adellolz@squarespace.com,Non-binary,208.215.227.5
793,Nanine,Daveley,ndaveleym0@chronoengine.com,Female,54.165.242.21
794,Philis,Mielnik,pmielnikm1@bing.com,Female,198.2.29.19
795,Gaspard,Alennikov,galennikovm2@cocolog-nifty.com,Male,178.249.45.8
796,Holly-anne,Tierney,htierneym3@soundcloud.com,Female,137.228.97.172
797,Ursuline,Levay,ulevaym4@accuweather.com,Bigender,253.30.111.136
798,Stacie,Brisard,sbrisardm5@nps.gov,Female,29.145.36.116
799,Esme,Beniesh,ebenieshm6@last.fm,Male,128.211.207.5
800,Bobinette,Petrasek,bpetrasekm7@google.de,Non-binary,134.86.234.20
801,Brocky,Clever,bcleverm8@spotify.com,Male,108.156.206.113
802,Sigismond,Tomlett,stomlettm9@typepad.com,Genderfluid,240.17.63.214
803,Lotta,Reyes,lreyesma@livejournal.com,Female,15.197.5.94
804,Durand,Buffham,dbuffhammb@oracle.com,Male,46.66.102.149
805,Lorrin,Boffin,lboffinmc@tripod.com,Female,218.108.234.1
806,Jud,Helliwell,jhelliwellmd@comcast.net,Male,132.175.27.234
807,Marcus,Loncaster,mloncasterme@lycos.com,Male,241.185.59.98
808,Justina,Padbery,jpadberymf@blogspot.com,Female,11.82.153.246
809,Derrik,Eginton,degintonmg@nydailynews.com,Male,82.54.160.226
810,Balduin,McGuggy,bmcguggymh@eventbrite.com,Male,81.161.4.121
811,Katee,Hairon,khaironmi@china.com.cn,Female,80.8.10.49
812,Anastassia,Sturr,asturrmj@sun.com,Female,174.219.155.52
813,Dalis,Lukianov,dlukianovmk@who.int,Male,218.141.150.186
814,Burch,Werrit,bwerritml@technorati.com,Male,166.7.139.190
815,Adah,Ruxton,aruxtonmm@businessweek.com,Female,186.183.253.179
816,Petrina,Beecraft,pbeecraftmn@scribd.com,Female,28.24.217.197
817,Jarrett,Faireclough,jfairecloughmo@amazon.co.uk,Male,195.37.173.220
818,Afton,Cruttenden,acruttendenmp@opera.com,Female,73.96.209.0
819,Fallon,Van Hault,fvanhaultmq@nifty.com,Female,40.228.155.176
820,Pepillo,Matthessen,pmatthessenmr@digg.com,Male,121.221.47.128
821,Harland,Stillert,hstillertms@cnbc.com,Male,223.246.187.37
822,Farrell,Filyashin,ffilyashinmt@discovery.com,Male,207.101.188.196
823,Felicle,Huntingdon,fhuntingdonmu@msu.edu,Genderfluid,67.242.199.180
824,Beniamino,Wyldbore,bwyldboremv@cargocollective.com,Male,80.28.75.96
825,Whitman,Scrivenor,wscrivenormw@apple.com,Male,51.22.91.74
826,Gayla,McKerrow,gmckerrowmx@devhub.com,Female,193.127.182.71
827,Maurizia,Chidgey,mchidgeymy@stanford.edu,Female,173.12.199.24
828,Michele,Potticary,mpotticarymz@w3.org,Female,50.66.90.219
829,Base,Lackham,blackhamn0@usa.gov,Male,138.79.137.144
830,Antonella,Avrahm,aavrahmn1@seattletimes.com,Female,217.201.155.233
831,Morton,Aguirrezabal,maguirrezabaln2@infoseek.co.jp,Male,178.48.203.49
832,Gustaf,Hearon,ghearonn3@taobao.com,Male,252.113.100.203
833,Jamil,De Avenell,jdeavenelln4@discovery.com,Male,43.55.117.209
834,Eberto,Rolls,erollsn5@tamu.edu,Male,230.62.217.240
835,Edan,Weaving,eweavingn6@businessweek.com,Male,213.191.5.13
836,Russell,Jennaroy,rjennaroyn7@cpanel.net,Male,217.132.163.166
837,Annamarie,Crichten,acrichtenn8@friendfeed.com,Female,249.142.151.136
838,Jonell,Brussels,jbrusselsn9@uol.com.br,Female,22.179.56.76
839,Hilton,Jameson,hjamesonna@yolasite.com,Male,175.18.218.221
840,Elwood,Brownlow,ebrownlownb@pcworld.com,Male,183.169.2.59
841,Darb,Brayford,dbrayfordnc@mit.edu,Female,219.106.70.179
842,Dietrich,Ferruzzi,dferruzzind@last.fm,Bigender,126.161.117.75
843,Celka,Kittow,ckittowne@addthis.com,Female,13.106.233.135
844,Nils,Bayns,nbaynsnf@cbc.ca,Male,96.207.120.53
845,Arlyn,Hanrott,ahanrottng@yellowpages.com,Agender,105.25.25.124
846,Bradan,McLaughlan,bmclaughlannh@bloomberg.com,Male,33.37.76.0
847,Monro,Fronek,mfronekni@washingtonpost.com,Male,187.40.17.82
848,Abbie,Readwin,areadwinnj@prnewswire.com,Male,182.118.220.150
849,Byram,Schukraft,bschukraftnk@example.com,Male,124.238.115.15
850,Aldis,Botterill,abotterillnl@goo.ne.jp,Male,96.159.184.124
851,Ema,Jakubovics,ejakubovicsnm@dropbox.com,Female,204.107.147.204
852,Dennison,Hyam,dhyamnn@cocolog-nifty.com,Male,134.208.165.189
853,Hilly,Eivers,heiversno@instagram.com,Male,125.139.72.54
854,Lexine,Geelan,lgeelannp@rambler.ru,Female,246.146.220.81
855,Redd,Hazeldean,rhazeldeannq@quantcast.com,Male,80.183.2.168
856,Bogart,Goudard,bgoudardnr@plala.or.jp,Male,79.77.121.161
857,Nolie,Swedeland,nswedelandns@cbslocal.com,Female,42.139.160.143
858,Ivor,McClarence,imcclarencent@homestead.com,Non-binary,17.58.132.66
859,Patrizius,Wooderson,pwoodersonnu@issuu.com,Male,195.142.88.36
860,Bunni,Measor,bmeasornv@smh.com.au,Female,188.255.102.41
861,Cayla,McMaster,cmcmasternw@ow.ly,Female,97.36.141.140
862,Christophe,Condict,ccondictnx@yahoo.com,Male,68.222.218.173
863,Douglass,Coogan,dcooganny@icq.com,Male,191.219.117.232
864,Claudia,Browne,cbrownenz@shutterfly.com,Female,83.136.144.3
865,Reinaldo,Ranking,rrankingo0@vinaora.com,Male,135.189.97.204
866,Mayer,Sturge,msturgeo1@live.com,Male,164.13.64.248
867,Hans,Surman,hsurmano2@meetup.com,Male,242.207.135.96
868,Karney,Pietraszek,kpietraszeko3@columbia.edu,Male,156.40.160.249
869,Sherry,Aidler,saidlero4@sciencedirect.com,Polygender,27.216.61.80
870,Darin,Hazelgrove,dhazelgroveo5@tmall.com,Male,205.134.249.101
871,Netty,Dumblton,ndumbltono6@mail.ru,Female,102.171.21.1
872,Rudie,Ancliff,rancliffo7@webeden.co.uk,Male,9.48.229.15
873,Cory,Dykas,cdykaso8@narod.ru,Male,110.187.225.2
874,Byrle,Kagan,bkagano9@gmpg.org,Male,185.23.240.247
875,Beatrisa,Corzor,bcorzoroa@zdnet.com,Female,3.14.152.196
876,Leda,Conws,lconwsob@examiner.com,Female,186.197.3.218
877,Laure,Lines,llinesoc@elpais.com,Female,66.29.3.2
878,Padriac,Hobson,phobsonod@google.nl,Male,63.177.7.124
879,Fabe,Lehrer,flehreroe@sogou.com,Male,212.67.109.76
880,Wilfred,Burchmore,wburchmoreof@domainmarket.com,Male,77.14.104.86
881,Pepito,MacPike,pmacpikeog@jalbum.net,Male,246.96.252.150
882,Estella,Waiting,ewaitingoh@jugem.jp,Female,245.41.8.224
883,Ludwig,Culy,lculyoi@privacy.gov.au,Male,129.7.239.98
884,Juliana,Alfonsetto,jalfonsettooj@e-recht24.de,Female,10.101.3.130
885,Courtney,Ewols,cewolsok@bandcamp.com,Male,105.46.21.66
886,Perri,Brun,pbrunol@nature.com,Female,245.134.93.7
887,Babette,Walewski,bwalewskiom@sphinn.com,Female,133.241.126.200
888,Fabiano,Pearton,fpeartonon@scientificamerican.com,Male,254.206.3.245
889,Cindee,Palay,cpalayoo@google.co.uk,Genderqueer,92.107.226.108
890,Putnem,Stoffel,pstoffelop@gmpg.org,Male,232.189.27.42
891,Tabby,Meredyth,tmeredythoq@github.io,Male,202.243.197.237
892,Tamera,Burn,tburnor@nytimes.com,Female,60.53.39.235
893,Theresina,Crippell,tcrippellos@samsung.com,Polygender,30.95.169.79
894,Anabel,Phillins,aphillinsot@latimes.com,Female,12.33.173.43
895,Esmaria,Doswell,edoswellou@prnewswire.com,Genderfluid,140.150.29.187
896,Donall,Whitwam,dwhitwamov@smugmug.com,Male,139.205.229.83
897,Fairlie,Salzberg,fsalzbergow@stanford.edu,Male,243.115.27.83
898,Aggi,Longfut,alongfutox@java.com,Female,17.136.72.120
899,Trip,Stace,tstaceoy@amazon.co.jp,Male,29.169.187.220
900,Sadie,Barwick,sbarwickoz@mac.com,Genderfluid,63.208.236.35
901,Berti,Bostock,bbostockp0@1und1.de,Female,23.119.162.182
902,Ardelia,Worge,aworgep1@ebay.co.uk,Female,225.119.9.173
903,Mellisa,Fleet,mfleetp2@clickbank.net,Female,101.43.239.178
904,Vinny,Brockway,vbrockwayp3@blinklist.com,Male,103.160.167.9
905,Amandy,Vineall,avineallp4@google.com.hk,Female,210.201.15.183
906,Rollin,Dressell,rdressellp5@cnet.com,Male,65.92.107.103
907,Colet,Shingfield,cshingfieldp6@technorati.com,Male,248.10.106.9
908,Virge,Woodbridge,vwoodbridgep7@imageshack.us,Male,73.70.18.186
909,Esma,Borgnet,eborgnetp8@myspace.com,Female,162.165.75.192
910,Orlando,Gosforth,ogosforthp9@house.gov,Male,213.192.107.252
911,Ilysa,Gummer,igummerpa@tinypic.com,Female,185.13.88.82
912,Eustace,Trace,etracepb@craigslist.org,Male,14.237.198.3
913,Virgil,Nasi,vnasipc@ocn.ne.jp,Male,97.195.243.153
914,Morty,Corkell,mcorkellpd@wisc.edu,Male,84.70.164.182
915,Charmine,Whartonby,cwhartonbype@miitbeian.gov.cn,Female,154.52.37.63
916,Bail,Garrit,bgarritpf@va.gov,Male,6.220.166.35
917,Ethelred,Osan,eosanpg@people.com.cn,Male,23.254.205.155
918,Tomi,Heakins,theakinsph@privacy.gov.au,Female,17.17.92.59
919,Frankie,Ivery,fiverypi@samsung.com,Male,57.129.202.13
920,Anna-diane,Klaesson,aklaessonpj@gravatar.com,Genderqueer,176.230.157.30
921,Conney,Lawty,clawtypk@ning.com,Male,65.129.54.215
922,Konstantine,Tonks,ktonkspl@oakley.com,Male,156.222.225.4
923,Donny,Raulston,draulstonpm@bbc.co.uk,Male,182.10.17.104
924,Dick,O'Hdirscoll,dohdirscollpn@hc360.com,Male,229.28.240.218
925,Pyotr,Kintzel,pkintzelpo@free.fr,Male,22.82.11.113
926,Vyky,McQuaid,vmcquaidpp@apache.org,Genderfluid,215.173.156.122
927,Margaretta,Minette,mminettepq@theguardian.com,Female,251.199.102.54
928,Danella,Kairns,dkairnspr@seattletimes.com,Female,109.197.16.52
929,Micah,Bardwall,mbardwallps@arizona.edu,Male,16.184.4.37
930,Davidson,Selborne,dselbornept@indiatimes.com,Male,79.100.145.19
931,Osmund,Bolstridge,obolstridgepu@vkontakte.ru,Male,79.4.220.231
932,Tan,Syddie,tsyddiepv@joomla.org,Male,81.40.27.11
933,Cayla,Janson,cjansonpw@flickr.com,Female,235.52.255.118
934,Saraann,Koba,skobapx@angelfire.com,Female,7.30.168.36
935,Tedi,Aldie,taldiepy@netscape.com,Female,17.177.28.107
936,Clary,Alves,calvespz@upenn.edu,Female,43.27.144.158
937,Bearnard,Leonida,bleonidaq0@over-blog.com,Male,127.87.31.73
938,Lissy,Smellie,lsmellieq1@springer.com,Agender,39.25.156.56
939,Xenos,Steel,xsteelq2@unc.edu,Male,80.195.54.5
940,Gaultiero,Moorerud,gmoorerudq3@ted.com,Male,146.201.55.103
941,Antonius,McKeurtan,amckeurtanq4@intel.com,Male,24.185.183.2
942,Austin,Horribine,ahorribineq5@google.com.au,Female,235.195.181.240
943,Vernon,Drummer,vdrummerq6@fema.gov,Non-binary,62.3.135.175
944,Alisun,Streather,astreatherq7@mtv.com,Female,63.148.151.130
945,Elfrieda,Lilloe,elilloeq8@latimes.com,Female,92.201.255.190
946,Sile,Mapledoore,smapledooreq9@time.com,Female,111.240.185.36
947,Lindsey,Emptage,lemptageqa@ucoz.ru,Genderqueer,163.104.198.106
948,Sibbie,Samter,ssamterqb@lulu.com,Female,56.122.18.170
949,Jess,Secker,jseckerqc@multiply.com,Male,25.165.189.156
950,Aubrey,Tallyn,atallynqd@barnesandnoble.com,Male,67.240.195.161
951,Neddy,Bleyman,nbleymanqe@nymag.com,Male,202.169.79.55
952,Albrecht,Hugonin,ahugoninqf@telegraph.co.uk,Male,33.31.212.71
953,Lambert,Lemme,llemmeqg@arstechnica.com,Male,56.225.153.113
954,Johnette,Packer,jpackerqh@tuttocitta.it,Female,114.136.14.124
955,Silas,Jerrold,sjerroldqi@flavors.me,Male,157.48.34.229
956,Creigh,Mattiessen,cmattiessenqj@de.vu,Male,203.210.132.213
957,Latisha,Mablestone,lmablestoneqk@fda.gov,Female,9.182.21.227
958,George,Shawel,gshawelql@who.int,Male,169.142.79.163
959,Averil,Radish,aradishqm@scientificamerican.com,Female,29.222.217.127
960,Ferdie,Kloss,fklossqn@yolasite.com,Male,201.51.194.58
961,Derick,Crummie,dcrummieqo@topsy.com,Male,29.34.158.60
962,Zsa zsa,Laise,zlaiseqp@ifeng.com,Female,67.98.244.139
963,Dominick,Headings,dheadingsqq@sfgate.com,Male,21.154.190.197
964,Chen,Seamer,cseamerqr@feedburner.com,Male,99.210.125.7
965,Carl,Emmanuel,cemmanuelqs@alibaba.com,Male,101.168.9.167
966,Kati,Juggins,kjugginsqt@netlog.com,Female,104.57.144.197
967,Morganica,Melladew,mmelladewqu@ocn.ne.jp,Female,71.109.112.103
968,Norah,Missington,nmissingtonqv@amazon.co.uk,Female,4.44.38.139
969,Tymon,Hars,tharsqw@omniture.com,Male,240.249.187.10
970,Iolanthe,Reilinger,ireilingerqx@purevolume.com,Female,101.192.63.134
971,Fayina,Hakewell,fhakewellqy@biglobe.ne.jp,Female,212.58.59.207
972,Bethany,Tollit,btollitqz@smh.com.au,Female,106.183.83.233
973,Kirk,Lascelles,klascellesr0@cbsnews.com,Male,46.19.1.246
974,Cesaro,Filippov,cfilippovr1@livejournal.com,Male,172.191.29.84
975,Sutherlan,Tooting,stootingr2@china.com.cn,Male,106.255.90.215
976,Ofilia,Capner,ocapnerr3@geocities.jp,Female,234.41.181.158
977,Cull,Fylan,cfylanr4@w3.org,Male,154.148.189.179
978,Trev,Goffe,tgoffer5@whitehouse.gov,Male,58.102.49.190
979,Pippa,Waterson,pwatersonr6@patch.com,Female,149.228.65.238
980,Quillan,Pretty,qprettyr7@facebook.com,Male,205.229.207.38
981,Katusha,Vlasov,kvlasovr8@51.la,Female,144.180.1.154
982,Andrew,Slimings,aslimingsr9@usa.gov,Male,203.208.233.186
983,Buddy,Sabine,bsabinera@multiply.com,Male,244.139.236.240
984,Bliss,Harrold,bharroldrb@cpanel.net,Female,29.120.35.17
985,Rocky,Doull,rdoullrc@unblog.fr,Male,222.51.188.224
986,Axel,Dregan,adreganrd@usa.gov,Male,209.39.105.224
987,Kai,Langstone,klangstonere@phoca.cz,Female,233.218.33.240
988,Janos,Hugett,jhugettrf@cnbc.com,Male,16.16.105.236
989,Halley,Seago,hseagorg@usda.gov,Female,34.119.233.19
990,Casper,Pawley,cpawleyrh@springer.com,Male,173.168.156.200
991,Myrilla,Sikora,msikorari@google.es,Female,244.220.67.195
992,Adorne,Bletsor,abletsorrj@msu.edu,Female,112.95.207.210
993,Ailina,Mulgrew,amulgrewrk@google.pl,Female,58.219.204.222
994,Carmelle,Steynor,csteynorrl@wikia.com,Female,159.206.207.137
995,Katee,Cremin,kcreminrm@youtu.be,Female,4.0.111.232
996,Alvy,Bras,abrasrn@merriam-webster.com,Male,232.213.126.28
997,Padraig,Espinay,pespinayro@newyorker.com,Male,167.174.164.93
998,Frannie,Darque,fdarquerp@usda.gov,Polygender,183.151.124.47
999,Pall,Dietzler,pdietzlerrq@weebly.com,Male,114.55.243.56
1000,Milli,Potbury,mpotburyrr@rambler.ru,Female,70.80.54.121
