id,first_name,last_name,email,gender,ip_address
1,Nealy,Hobble,nhobble0@mlb.com,Male,27.123.200.59
2,Tobit,Beeck,tbeeck1@npr.org,Male,177.240.238.45
3,Ailey,Parsonage,aparsonage2@jimdo.com,Female,60.165.244.33
4,Ashlie,Wyrill,awyrill3@amazon.com,Female,119.46.192.153
5,May,Files,mfiles4@phpbb.com,Female,166.7.203.43
6,Natale,Johnsee,njohnsee5@comcast.net,Male,48.211.73.86
7,Jobina,Woodnutt,jwoodnutt6@ow.ly,Agender,92.163.196.24
8,Carrie,Chastey,cchastey7@fc2.com,Female,20.109.111.123
9,Dougie,Pretty,dpretty8@answers.com,Male,141.146.186.242
10,Floris,Domone,fdomone9@wix.com,Female,117.57.135.154
11,Sharron,Matyushenko,smatyushenkoa@list-manage.com,Female,142.0.132.181
12,Roda,Petrescu,rpetrescub@google.pl,Female,18.4.109.37
13,Marius,Winskill,mwinskillc@livejournal.com,Male,48.86.47.11
14,Adina,Keeping,akeepingd@angelfire.com,Female,104.129.44.205
15,Federica,Clac,fclace@cnbc.com,Female,226.90.53.155
16,Tobit,Kemmis,tkemmisf@washington.edu,Male,37.71.162.188
17,Flossy,Durman,fdurmang@jalbum.net,Female,240.103.51.205
18,Tana,Antoniewicz,tantoniewiczh@sbwire.com,Female,180.103.221.170
19,Laurie,Giovannetti,lgiovannettii@issuu.com,Male,126.49.150.69
20,Yuri,Odney,yodneyj@ihg.com,Male,218.187.20.16
21,Joan,McCoughan,jmccoughank@squarespace.com,Female,166.175.43.121
22,Windy,Sedgemore,wsedgemorel@elegantthemes.com,Female,75.156.155.163
23,Eveleen,Tzar,etzarm@sciencedirect.com,Female,36.224.125.246
24,Lela,Torresi,ltorresin@mysql.com,Female,216.96.238.156
25,Bail,Fominov,bfominovo@github.com,Male,118.237.117.45
26,Ermina,Bourdon,ebourdonp@symantec.com,Female,245.81.134.73
27,Burke,Tregensoe,btregensoeq@engadget.com,Male,95.86.70.225
28,Bondie,Phillins,bphillinsr@usgs.gov,Male,176.222.68.5
29,Christal,Rutherfoord,crutherfoords@hibu.com,Female,52.51.190.124
30,Cara,Blackmuir,cblackmuirt@merriam-webster.com,Female,80.61.54.82
31,Georgeta,Benezet,gbenezetu@drupal.org,Female,168.101.97.211
32,Derek,Firle,dfirlev@slate.com,Male,44.224.117.205
33,Catharina,Lutzmann,clutzmannw@behance.net,Female,38.15.203.140
34,Priscilla,Gideon,pgideonx@wikipedia.org,Female,162.19.228.189
35,Rodina,Cromett,rcrometty@typepad.com,Female,224.46.38.61
36,Mischa,Rubenchik,mrubenchikz@ask.com,Male,64.99.105.41
37,Willabella,Higginbottam,whigginbottam10@fastcompany.com,Female,30.166.139.32
38,Jens,Barnsdall,jbarnsdall11@plala.or.jp,Male,140.73.7.148
39,Chilton,McGannon,cmcgannon12@berkeley.edu,Male,135.247.197.55
40,Wyatan,Jandel,wjandel13@cisco.com,Male,45.213.13.236
41,Kerk,Izatson,kizatson14@tinyurl.com,Male,94.235.142.160
42,Hercules,Perrycost,hperrycost15@soup.io,Male,46.94.228.245
43,Thornie,Cullimore,tcullimore16@w3.org,Male,49.40.66.176
44,Christabella,Lace,clace17@sciencedirect.com,Female,176.178.56.9
45,Gerri,Karchewski,gkarchewski18@illinois.edu,Male,95.4.58.61
46,Ryon,Giacomini,rgiacomini19@quantcast.com,Male,198.97.122.101
47,Ninon,Driver,ndriver1a@time.com,Female,122.138.185.135
48,Shea,Ferrick,sferrick1b@hostgator.com,Female,78.221.103.83
49,Carol,Landrean,clandrean1c@accuweather.com,Female,211.246.234.251
50,Gerrard,Fehners,gfehners1d@usgs.gov,Genderfluid,54.133.237.250
51,Benton,Lesek,blesek1e@adobe.com,Male,219.40.155.176
52,Rachael,Ugoni,rugoni1f@blogspot.com,Female,171.70.196.191
53,Natalina,Becarra,nbecarra1g@simplemachines.org,Female,211.212.158.131
54,Merell,Chastang,mchastang1h@mapquest.com,Male,245.163.198.136
55,Adria,MacWhan,amacwhan1i@omniture.com,Female,82.63.88.18
56,Malanie,Jecock,mjecock1j@examiner.com,Polygender,253.141.67.243
57,Nadiya,Abberley,nabberley1k@newyorker.com,Female,22.36.73.106
58,Eli,Minter,eminter1l@foxnews.com,Male,31.249.102.186
59,Yance,Taunton,ytaunton1m@blogger.com,Male,191.101.215.19
60,Findlay,Garvie,fgarvie1n@hatena.ne.jp,Male,26.41.156.238
61,Hurlee,Elliot,helliot1o@livejournal.com,Male,123.38.217.209
62,Carolan,Kirton,ckirton1p@naver.com,Female,34.59.227.192
63,Nathanil,Tomlinson,ntomlinson1q@xinhuanet.com,Male,7.109.189.190
64,Rafaela,Basilone,rbasilone1r@bigcartel.com,Female,181.147.147.31
65,Fidelio,Lorinez,florinez1s@google.ru,Male,7.70.44.174
66,Kacey,Gianilli,kgianilli1t@bizjournals.com,Female,231.206.87.222
67,Colleen,Vogele,cvogele1u@businesswire.com,Female,179.206.66.161
68,Bendicty,Iacovazzi,biacovazzi1v@unc.edu,Male,180.157.59.220
69,Victor,Olenov,volenov1w@istockphoto.com,Male,131.197.233.101
70,Helga,Garnson,hgarnson1x@ox.ac.uk,Female,164.86.165.188
71,Dayna,Crebott,dcrebott1y@multiply.com,Female,12.12.199.25
72,Chane,Barnham,cbarnham1z@scientificamerican.com,Male,35.216.97.2
73,Timothy,Chell,tchell20@de.vu,Male,141.162.210.75
74,Tresa,Shapcote,tshapcote21@blog.com,Female,50.104.63.112
75,Annelise,Ogger,aogger22@vkontakte.ru,Female,209.42.16.202
76,Corry,Jeans,cjeans23@theatlantic.com,Female,205.222.215.177
77,Reilly,Jowitt,rjowitt24@ask.com,Male,199.119.208.252
78,Loreen,Leguey,lleguey25@cbc.ca,Non-binary,153.191.211.220
79,Barbaraanne,Conre,bconre26@jimdo.com,Non-binary,179.74.17.139
80,Kennett,McCaw,kmccaw27@geocities.com,Male,87.253.222.208
81,Jordan,Pickton,jpickton28@nyu.edu,Male,64.113.156.196
82,Abby,Simes,asimes29@a8.net,Agender,69.133.194.215
83,Margarete,Tichelaar,mtichelaar2a@indiegogo.com,Female,117.209.167.234
84,Latrina,Husselbee,lhusselbee2b@msn.com,Female,97.252.25.83
85,Caesar,Darley,cdarley2c@wordpress.com,Male,172.50.39.221
86,Antoinette,MacMakin,amacmakin2d@indiatimes.com,Female,206.201.67.9
87,Elyse,Rollings,erollings2e@meetup.com,Female,1.37.122.47
88,Rebeca,Ixer,rixer2f@prweb.com,Female,110.35.22.254
89,Barbara,Patis,bpatis2g@usa.gov,Female,211.9.216.20
90,Isac,Zouch,izouch2h@liveinternet.ru,Male,153.103.235.130
91,Morten,Alexander,malexander2i@sun.com,Male,104.108.99.5
92,Imelda,Webling,iwebling2j@surveymonkey.com,Female,19.204.98.100
93,Larisa,Abramow,labramow2k@blinklist.com,Female,250.84.159.139
94,Teodora,How,thow2l@mtv.com,Female,187.0.223.55
95,Stillmann,Thorndale,sthorndale2m@pagesperso-orange.fr,Male,197.75.125.23
96,Lonni,Dykins,ldykins2n@blinklist.com,Female,236.150.204.83
97,Magnum,Petrowsky,mpetrowsky2o@amazonaws.com,Male,245.145.53.1
98,Randall,Holdforth,rholdforth2p@intel.com,Male,9.180.166.25
99,Reilly,Aldred,raldred2q@google.co.uk,Male,133.149.67.202
100,Sammie,Readie,sreadie2r@uol.com.br,Male,225.17.140.188
101,Aimee,Derks,aderks2s@imageshack.us,Female,54.111.131.7
102,Lyndel,Noteyoung,lnoteyoung2t@unesco.org,Female,21.149.255.145
103,Jacenta,Peyton,jpeyton2u@moonfruit.com,Female,124.240.48.217
104,Richard,Tomankowski,rtomankowski2v@dropbox.com,Male,85.131.140.107
105,Sal,Deesly,sdeesly2w@cyberchimps.com,Female,169.202.129.231
106,Kitti,Runsey,krunsey2x@npr.org,Female,152.114.142.221
107,Inglebert,Bitcheno,ibitcheno2y@imdb.com,Male,251.140.233.181
108,Cindy,Meers,cmeers2z@wisc.edu,Female,81.72.184.218
109,Conan,Prozescky,cprozescky30@wp.com,Male,198.17.83.72
110,Lucian,McFaell,lmcfaell31@slideshare.net,Male,4.117.59.138
111,Mylo,Fozard,mfozard32@npr.org,Male,8.73.255.194
112,Julio,Greathead,jgreathead33@blinklist.com,Male,87.120.32.235
113,Courtnay,Lathwell,clathwell34@discovery.com,Non-binary,20.7.15.52
114,Meryl,Greatex,mgreatex35@gmpg.org,Male,236.81.72.144
115,Annabell,Gallamore,agallamore36@squidoo.com,Female,236.106.208.239
116,Irma,Cockley,icockley37@mac.com,Female,70.174.208.245
117,Pall,MacCurlye,pmaccurlye38@google.cn,Male,209.76.6.22
118,Wadsworth,Bonny,wbonny39@springer.com,Male,224.77.197.18
119,Cassie,Marin,cmarin3a@foxnews.com,Male,248.5.125.151
120,Kerrie,Kolak,kkolak3b@ihg.com,Female,30.119.177.137
121,Fernanda,Battle,fbattle3c@sogou.com,Female,242.112.150.97
122,Karl,M'Quharg,kmquharg3d@omniture.com,Male,26.210.255.81
123,Wallis,Mc Elory,wmcelory3e@fda.gov,Female,161.67.162.10
124,Ferris,Fidgin,ffidgin3f@netscape.com,Male,17.39.106.142
125,Mirna,Vuittet,mvuittet3g@mapquest.com,Female,62.63.219.170
126,Torrance,Aleixo,taleixo3h@canalblog.com,Male,197.168.70.116
127,Leland,Ledington,lledington3i@delicious.com,Female,188.113.151.219
128,Hortensia,Patsall,hpatsall3j@dmoz.org,Female,84.242.229.73
129,Babara,McCurtin,bmccurtin3k@ycombinator.com,Non-binary,230.105.112.247
130,Emlynn,Edgeworth,eedgeworth3l@gnu.org,Female,84.58.41.8
131,Urban,Corson,ucorson3m@cargocollective.com,Male,187.40.21.229
132,Dore,Pyke,dpyke3n@ifeng.com,Male,98.44.243.219
133,Lilyan,Coulthard,lcoulthard3o@google.cn,Female,86.148.120.31
134,Terra,Hadcroft,thadcroft3p@nyu.edu,Female,70.238.25.190
135,Malena,MacCosto,mmaccosto3q@dmoz.org,Non-binary,54.49.43.54
136,Ulberto,Scholl,uscholl3r@yahoo.co.jp,Male,246.180.188.161
137,Sylvester,Almon,salmon3s@usgs.gov,Male,170.114.20.140
138,Caresse,Britian,cbritian3t@shareasale.com,Female,226.206.230.235
139,Ramona,Coulter,rcoulter3u@cdbaby.com,Female,107.169.9.12
140,Irving,Galtone,igaltone3v@google.pl,Male,245.55.109.139
141,Sharron,Kenderdine,skenderdine3w@mashable.com,Female,231.190.198.115
142,Clari,Menendes,cmenendes3x@sohu.com,Female,5.78.159.100
143,Maggy,Borges,mborges3y@ca.gov,Genderfluid,101.111.4.223
144,Atlante,Pybus,apybus3z@thetimes.co.uk,Female,156.105.42.254
145,Caritta,Lidstone,clidstone40@scribd.com,Female,78.179.157.54
146,Agace,Dumper,adumper41@squarespace.com,Female,179.188.39.63
147,Kirby,Rabidge,krabidge42@spotify.com,Male,250.5.91.175
148,Fonsie,Tomasik,ftomasik43@imgur.com,Male,80.68.48.141
149,Michale,Butterfield,mbutterfield44@de.vu,Male,49.101.184.161
150,Joshua,Wabey,jwabey45@telegraph.co.uk,Male,135.78.180.110
151,Tildi,Nowell,tnowell46@narod.ru,Female,68.164.150.80
152,Magdaia,Kienle,mkienle47@bandcamp.com,Female,40.189.9.238
153,Tris,Selbach,tselbach48@cargocollective.com,Male,131.253.143.140
154,Stacee,Gapper,sgapper49@jugem.jp,Female,195.93.56.157
155,Trefor,Tombs,ttombs4a@weather.com,Male,230.144.232.187
156,Howey,Augustin,haugustin4b@so-net.ne.jp,Male,163.60.8.41
157,Rosene,Course,rcourse4c@bravesites.com,Female,126.248.74.20
158,Dene,Abelov,dabelov4d@noaa.gov,Male,140.26.31.15
159,Kiersten,Dallewater,kdallewater4e@pbs.org,Female,6.223.18.184
160,Leonore,Mahody,lmahody4f@mediafire.com,Female,165.52.37.136
161,Gilles,Yanuk,gyanuk4g@i2i.jp,Male,20.219.139.152
162,Forrester,Gazzard,fgazzard4h@vistaprint.com,Male,45.17.68.42
163,Bruis,Dulake,bdulake4i@barnesandnoble.com,Male,132.67.244.247
164,Tandy,Drinkhall,tdrinkhall4j@tamu.edu,Female,93.76.201.9
165,Gabrila,Gotobed,ggotobed4k@list-manage.com,Female,14.125.117.14
166,Marley,By,mby4l@netvibes.com,Female,193.102.114.129
167,Connie,Handrock,chandrock4m@comsenz.com,Female,59.60.143.141
168,Frederigo,Siney,fsiney4n@angelfire.com,Male,159.189.238.182
169,Rice,Suerz,rsuerz4o@photobucket.com,Male,251.182.144.170
170,Bobina,Donnell,bdonnell4p@columbia.edu,Female,95.249.124.114
171,Edvard,McColm,emccolm4q@google.ru,Male,23.183.27.197
172,Dora,Beddin,dbeddin4r@sciencedaily.com,Female,232.25.213.104
173,Von,Corkel,vcorkel4s@howstuffworks.com,Male,143.44.136.199
174,Homere,Pochin,hpochin4t@barnesandnoble.com,Male,95.159.12.185
175,Bondon,Flasby,bflasby4u@dell.com,Male,210.250.248.151
176,Lenna,Spellar,lspellar4v@blogtalkradio.com,Female,200.130.240.236
177,Marlena,Bridgewater,mbridgewater4w@wunderground.com,Female,20.39.8.180
178,Vivyan,Blackford,vblackford4x@bloglovin.com,Bigender,30.233.22.179
179,Emelina,Roisen,eroisen4y@huffingtonpost.com,Female,81.195.12.191
180,Giacomo,Heino,gheino4z@soundcloud.com,Male,15.75.163.26
181,Sig,Forsdicke,sforsdicke50@princeton.edu,Male,21.191.4.185
182,Aleda,Triplett,atriplett51@163.com,Female,224.147.195.26
183,Claudell,Collingwood,ccollingwood52@stumbleupon.com,Male,201.1.175.150
184,Trip,O'Hallagan,tohallagan53@istockphoto.com,Male,80.254.1.183
185,Asa,Streeten,astreeten54@shutterfly.com,Male,197.60.102.200
186,Sybilla,Lindemann,slindemann55@prlog.org,Female,88.208.202.247
187,Meridith,Bubbings,mbubbings56@paypal.com,Female,131.104.21.227
188,Toddy,Clotworthy,tclotworthy57@discovery.com,Male,162.189.177.146
189,Alyson,MattiCCI,amatticci58@mac.com,Female,121.190.225.164
190,Humberto,Franchioni,hfranchioni59@gravatar.com,Male,124.10.206.78
191,Barbara-anne,Avard,bavard5a@imageshack.us,Female,22.178.16.144
192,Brooks,Mothersdale,bmothersdale5b@homestead.com,Genderqueer,67.192.40.95
193,Gerhardt,Dimond,gdimond5c@github.com,Male,119.32.228.238
194,Keriann,Poag,kpoag5d@php.net,Female,209.88.129.51
195,Randie,Brosh,rbrosh5e@indiatimes.com,Male,46.64.88.109
196,Sharai,Kelsow,skelsow5f@symantec.com,Female,41.127.211.224
197,Tobe,Camous,tcamous5g@domainmarket.com,Female,180.146.195.11
198,Brendon,Koba,bkoba5h@yellowbook.com,Polygender,4.240.164.17
199,Allie,Crimes,acrimes5i@geocities.jp,Female,30.155.8.243
200,Benoit,Frigout,bfrigout5j@noaa.gov,Male,210.4.24.61
201,Hobie,Suermeiers,hsuermeiers5k@ucla.edu,Male,3.141.108.98
202,Lewiss,Inold,linold5l@livejournal.com,Male,153.71.17.223
203,Cammy,Sprowle,csprowle5m@infoseek.co.jp,Female,221.94.47.191
204,Abrahan,Fairbank,afairbank5n@amazon.de,Male,195.23.112.11
205,Mathilda,Pledge,mpledge5o@house.gov,Female,142.238.40.17
206,Shaw,Oliveras,soliveras5p@wikipedia.org,Male,175.205.175.228
207,Herbert,Durnall,hdurnall5q@cnbc.com,Male,169.187.92.198
208,Ryan,Katzmann,rkatzmann5r@lulu.com,Male,202.153.161.20
209,Nikolaus,Mullan,nmullan5s@weebly.com,Male,32.34.143.18
210,Chrisy,Woller,cwoller5t@istockphoto.com,Male,85.209.241.227
211,Sigfried,Embury,sembury5u@archive.org,Male,208.98.75.127
212,Izak,Maylott,imaylott5v@buzzfeed.com,Male,24.137.133.222
213,Marietta,Dunstall,mdunstall5w@csmonitor.com,Female,218.118.8.225
214,Pietrek,Aldham,paldham5x@alexa.com,Male,216.80.65.31
215,Cobb,Whaymand,cwhaymand5y@nytimes.com,Male,250.240.134.142
216,Rubi,Giovannilli,rgiovannilli5z@skype.com,Bigender,234.193.135.100
217,Fredelia,Sudy,fsudy60@forbes.com,Female,158.43.217.217
218,Zeke,Dalgarno,zdalgarno61@nbcnews.com,Male,81.210.140.30
219,Morry,Waryk,mwaryk62@istockphoto.com,Male,244.78.232.7
220,Barb,Rouby,brouby63@nationalgeographic.com,Female,169.238.165.66
221,Vaclav,Dovington,vdovington64@opera.com,Male,56.7.165.62
222,Delphine,Colbertson,dcolbertson65@stumbleupon.com,Female,111.156.5.130
223,Delcine,McCrystal,dmccrystal66@networksolutions.com,Female,158.66.69.201
224,Gallard,Lyness,glyness67@angelfire.com,Male,208.50.169.225
225,Natalee,Sporle,nsporle68@miibeian.gov.cn,Female,118.244.171.103
226,Alie,Hoofe,ahoofe69@theguardian.com,Female,181.62.13.107
227,Star,Gawke,sgawke6a@printfriendly.com,Female,133.184.219.117
228,Farrah,Siddall,fsiddall6b@ox.ac.uk,Female,74.187.29.138
229,Eugenius,Iban,eiban6c@usgs.gov,Male,78.50.172.133
230,Nicolette,Sprules,nsprules6d@taobao.com,Female,178.7.4.157
231,Johannah,Dat,jdat6e@mac.com,Female,131.8.59.76
232,Kakalina,Gilmartin,kgilmartin6f@parallels.com,Female,180.153.58.134
233,Annalee,Hallt,ahallt6g@admin.ch,Female,18.152.40.197
234,Munroe,Ziehm,mziehm6h@cyberchimps.com,Male,148.10.128.204
235,Mirilla,Abramovitz,mabramovitz6i@jiathis.com,Female,108.32.52.25
236,Lothario,Glasard,lglasard6j@youku.com,Male,8.91.196.154
237,Kendrick,Bowlands,kbowlands6k@godaddy.com,Male,231.128.117.56
238,Gustav,Mark,gmark6l@ehow.com,Male,167.11.156.142
239,Curr,Greatrex,cgreatrex6m@google.com,Male,145.90.153.227
240,Remington,Markwelley,rmarkwelley6n@home.pl,Male,53.51.82.153
241,Dierdre,D'Abbot-Doyle,ddabbotdoyle6o@hp.com,Female,69.73.196.96
242,Jarad,Frany,jfrany6p@so-net.ne.jp,Male,126.18.202.20
243,Bianka,Krug,bkrug6q@fotki.com,Female,1.32.87.151
244,Giavani,Slimme,gslimme6r@merriam-webster.com,Male,175.14.66.217
245,Lewes,Rodenburg,lrodenburg6s@scribd.com,Polygender,188.174.16.57
246,Beatrisa,Posen,bposen6t@jiathis.com,Female,10.214.120.236
247,Shane,Mabbett,smabbett6u@cmu.edu,Male,158.224.161.242
248,Nick,MacRory,nmacrory6v@amazon.co.uk,Male,76.111.198.54
249,Josias,Pahler,jpahler6w@latimes.com,Male,78.76.110.242
250,Ronny,Esland,resland6x@yelp.com,Male,134.142.74.80
251,Neddie,Palatino,npalatino6y@ycombinator.com,Genderqueer,178.44.54.197
252,Armando,Cowlam,acowlam6z@seesaa.net,Male,242.147.79.65
253,Virge,Fredi,vfredi70@hc360.com,Male,130.47.37.220
254,Herold,Gisburne,hgisburne71@reference.com,Male,232.193.62.69
255,Verena,Freak,vfreak72@disqus.com,Female,75.179.119.234
256,Randene,Rossiter,rrossiter73@europa.eu,Female,79.108.100.112
257,Pepito,Lowe,plowe74@gizmodo.com,Male,56.61.167.116
258,Lyman,Proger,lproger75@free.fr,Male,240.246.213.166
259,Klement,Glastonbury,kglastonbury76@sphinn.com,Male,124.73.22.206
260,Eadith,Wegman,ewegman77@umn.edu,Female,44.123.23.172
261,Aurelia,Btham,abtham78@globo.com,Female,225.81.147.235
262,Obie,Casolla,ocasolla79@icio.us,Male,145.176.189.151
263,Marya,Monkleigh,mmonkleigh7a@google.com.au,Female,182.46.197.77
264,Demetria,Bramstom,dbramstom7b@washington.edu,Female,180.30.72.217
265,Ash,Hum,ahum7c@flickr.com,Male,108.216.110.10
266,Edita,Hilling,ehilling7d@techcrunch.com,Female,192.175.226.171
267,Tadd,Stonbridge,tstonbridge7e@furl.net,Male,86.134.153.107
268,Marika,MacCrosson,mmaccrosson7f@msu.edu,Female,230.214.26.135
269,Cesare,Turton,cturton7g@google.com,Male,148.134.247.168
270,Judi,Ladbrook,jladbrook7h@goo.gl,Female,70.148.21.248
271,Joceline,Curzey,jcurzey7i@census.gov,Female,225.84.245.54
272,Allie,Tredger,atredger7j@spiegel.de,Female,3.89.162.69
273,Kaye,Dudin,kdudin7k@ucoz.com,Female,208.84.199.71
274,Melisse,Witul,mwitul7l@psu.edu,Female,171.177.191.122
275,Sashenka,Caush,scaush7m@apache.org,Female,23.179.255.54
276,Devonne,Carcass,dcarcass7n@about.com,Female,195.24.11.121
277,Tyson,Saltman,tsaltman7o@liveinternet.ru,Male,74.210.221.91
278,Westbrooke,Clarke-Williams,wclarkewilliams7p@abc.net.au,Male,18.164.202.99
279,Renelle,Pagelsen,rpagelsen7q@lulu.com,Female,229.73.8.181
280,Elvyn,Kenn,ekenn7r@alibaba.com,Male,45.129.41.8
281,Oberon,Mixon,omixon7s@ibm.com,Male,241.85.27.140
282,Uriel,Maes,umaes7t@youtube.com,Male,169.44.158.6
283,Thelma,Marquez,tmarquez7u@cam.ac.uk,Female,200.200.249.3
284,Willie,Ratcliffe,wratcliffe7v@amazon.com,Female,17.174.114.83
285,Chickie,Daout,cdaout7w@usgs.gov,Female,174.23.19.58
286,Malchy,Wyse,mwyse7x@barnesandnoble.com,Male,251.119.201.208
287,Bennie,Fawthorpe,bfawthorpe7y@dot.gov,Female,167.11.132.247
288,Faustina,McClaurie,fmcclaurie7z@meetup.com,Female,7.168.231.78
289,Ingeberg,Stickley,istickley80@oracle.com,Female,124.57.94.91
290,Richmound,Corns,rcorns81@intel.com,Male,201.99.122.190
291,Gregoor,McCoid,gmccoid82@fc2.com,Male,14.198.227.176
292,Rustin,Ahrend,rahrend83@hhs.gov,Male,61.217.66.4
293,Spence,Amerighi,samerighi84@sun.com,Male,1.28.156.12
294,Jonathan,Braffington,jbraffington85@independent.co.uk,Bigender,137.45.70.176
295,Laney,Fossick,lfossick86@blogspot.com,Male,141.168.254.136
296,Valentia,Demange,vdemange87@google.ru,Female,150.137.234.145
297,Fielding,Woodrow,fwoodrow88@soundcloud.com,Male,174.201.69.117
298,Flora,Whitecross,fwhitecross89@dailymail.co.uk,Female,193.120.199.94
299,Eduino,Fowle,efowle8a@soundcloud.com,Male,254.110.147.177
300,Red,Sabbin,rsabbin8b@de.vu,Male,74.130.163.201
301,Brigitta,Mohammad,bmohammad8c@japanpost.jp,Female,250.234.231.207
302,Stace,Ortzen,sortzen8d@prweb.com,Female,170.129.107.241
303,Giraldo,Tirrey,gtirrey8e@i2i.jp,Male,125.48.58.43
304,Jyoti,Tacon,jtacon8f@mit.edu,Polygender,49.29.64.239
305,Tomlin,Stoute,tstoute8g@blogs.com,Male,225.47.173.53
306,Christalle,Maulden,cmaulden8h@harvard.edu,Female,66.15.66.16
307,Cordie,Ethridge,cethridge8i@issuu.com,Female,89.20.55.254
308,Claudelle,Chung,cchung8j@desdev.cn,Female,247.25.162.242
309,Maurice,Kayser,mkayser8k@cbc.ca,Male,192.76.136.61
310,Elnora,Stobo,estobo8l@hibu.com,Female,37.193.87.73
311,Cecilius,Bickerton,cbickerton8m@infoseek.co.jp,Male,33.231.240.105
312,Colin,Matterdace,cmatterdace8n@xing.com,Male,41.203.20.116
313,Abigale,Bonn,abonn8o@tuttocitta.it,Female,67.179.25.145
314,Alair,Gridley,agridley8p@cisco.com,Male,56.85.139.174
315,Jeanne,Treneer,jtreneer8q@smh.com.au,Female,184.111.250.232
316,Paxton,Tatem,ptatem8r@ustream.tv,Agender,180.162.229.88
317,Cobb,Fintoph,cfintoph8s@nasa.gov,Male,37.82.166.94
318,Aili,Blow,ablow8t@google.nl,Female,151.159.131.199
319,Rose,Antczak,rantczak8u@ed.gov,Female,10.255.12.172
320,Putnem,Partridge,ppartridge8v@stumbleupon.com,Male,54.221.171.170
321,Pietro,Prendergast,pprendergast8w@phpbb.com,Male,250.234.187.122
322,Micki,Giottoi,mgiottoi8x@microsoft.com,Female,34.63.81.183
323,Myrle,Moseby,mmoseby8y@admin.ch,Female,160.69.139.220
324,Zoe,Cardinal,zcardinal8z@imgur.com,Female,148.150.163.11
325,Meghann,June,mjune90@ifeng.com,Female,208.7.133.49
326,Verne,Blunn,vblunn91@huffingtonpost.com,Male,3.176.22.242
327,Lelia,Bosdet,lbosdet92@eventbrite.com,Female,128.240.106.147
328,Pietra,Cuttler,pcuttler93@163.com,Female,75.98.161.239
329,Petronilla,Grieves,pgrieves94@google.com.hk,Bigender,10.32.174.36
330,Avery,Pickance,apickance95@lulu.com,Male,38.125.193.47
331,Tomas,Swanger,tswanger96@disqus.com,Male,36.183.58.211
332,Loreen,Dimitrie,ldimitrie97@arizona.edu,Female,162.158.190.47
333,Bo,Abbe,babbe98@narod.ru,Genderqueer,110.148.41.218
334,Berry,Santo,bsanto99@edublogs.org,Female,94.224.145.53
335,Roz,Baigent,rbaigent9a@gizmodo.com,Female,146.196.101.132
336,Merrili,Brimelow,mbrimelow9b@nyu.edu,Female,81.165.204.215
337,Harrietta,Vye,hvye9c@hexun.com,Female,234.254.76.166
338,Dona,Bengefield,dbengefield9d@flavors.me,Female,203.48.253.52
339,Tulley,Heatly,theatly9e@intel.com,Male,121.201.237.128
340,Ivie,Elecum,ielecum9f@4shared.com,Female,146.176.90.190
341,Vicki,Crone,vcrone9g@goo.gl,Female,217.144.12.27
342,Ahmad,MacMeekan,amacmeekan9h@diigo.com,Male,19.77.116.104
343,Hasheem,Braidley,hbraidley9i@patch.com,Male,76.38.5.128
344,Aloysia,Arnot,aarnot9j@kickstarter.com,Female,71.149.212.39
345,Odie,Lidgate,olidgate9k@google.de,Male,191.53.248.201
346,Reine,Westcot,rwestcot9l@alexa.com,Female,238.2.127.156
347,Dulsea,Tunnoch,dtunnoch9m@behance.net,Female,218.78.52.64
348,Gary,Rule,grule9n@google.com.br,Male,5.157.167.54
349,Charil,Crutch,ccrutch9o@salon.com,Female,191.122.92.221
350,Lani,Oventon,loventon9p@technorati.com,Female,234.41.50.212
351,Robbin,Portugal,rportugal9q@naver.com,Female,129.152.71.181
352,Lucho,Auld,lauld9r@slashdot.org,Male,238.97.240.189
353,Guenna,McKerrow,gmckerrow9s@hubpages.com,Female,51.49.113.225
354,Sile,Raveau,sraveau9t@biblegateway.com,Agender,79.166.160.145
355,Claire,Caustick,ccaustick9u@mapquest.com,Female,186.102.75.139
356,Kyle,Kitson,kkitson9v@springer.com,Non-binary,202.95.254.6
357,Minnnie,Dufaire,mdufaire9w@narod.ru,Female,186.127.87.114
358,Shannah,Cases,scases9x@about.me,Female,126.150.153.208
359,Marena,Corona,mcorona9y@bizjournals.com,Female,35.92.13.172
360,Dennie,Schoenrock,dschoenrock9z@ibm.com,Female,1.88.174.155
361,Em,Yates,eyatesa0@paginegialle.it,Male,98.193.172.5
362,Nancee,Selwin,nselwina1@mozilla.com,Female,196.6.235.222
363,Iseabal,Vitte,ivittea2@house.gov,Female,4.189.118.134
364,Melanie,Nulty,mnultya3@addtoany.com,Female,251.167.150.69
365,Itch,Pitkeathly,ipitkeathlya4@ning.com,Male,242.119.250.95
366,Faber,Juliff,fjuliffa5@instagram.com,Male,37.168.165.77
367,Deeann,Mompesson,dmompessona6@nydailynews.com,Female,182.200.104.250
368,Tish,Lant,tlanta7@vkontakte.ru,Female,137.178.177.100
369,Ricoriki,Draaisma,rdraaismaa8@pagesperso-orange.fr,Male,161.58.128.222
370,Earvin,Bauldrey,ebauldreya9@ezinearticles.com,Male,127.116.159.177
371,Filmer,Egiloff,fegiloffaa@geocities.com,Male,119.7.34.23
372,Ranice,Keel,rkeelab@reference.com,Female,232.3.138.102
373,Janos,Bascombe,jbascombeac@europa.eu,Male,80.221.63.81
374,Brenn,Butterfint,bbutterfintad@miitbeian.gov.cn,Female,81.241.95.61
375,Munroe,Dunckley,mdunckleyae@cyberchimps.com,Male,179.200.207.53
376,Allissa,Giottoi,agiottoiaf@hao123.com,Polygender,7.46.31.207
377,Gav,Tomkin,gtomkinag@theguardian.com,Male,60.189.165.105
378,Lorene,Moston,lmostonah@gov.uk,Female,1.163.77.218
379,Freemon,Deakan,fdeakanai@ameblo.jp,Male,241.85.250.89
380,Timmy,Bartolomivis,tbartolomivisaj@etsy.com,Male,182.170.31.196
381,Donavon,Kelcey,dkelceyak@a8.net,Bigender,56.224.5.185
382,Benn,O'Fergus,bofergusal@chronoengine.com,Male,244.6.239.178
383,Fee,Roll,frollam@google.fr,Male,111.99.143.220
384,Kippy,Grichukhanov,kgrichukhanovan@exblog.jp,Male,145.73.244.9
385,Danna,Bexley,dbexleyao@taobao.com,Female,86.49.129.116
386,Renaud,Cocksedge,rcocksedgeap@time.com,Male,141.3.31.116
387,Janenna,Guidetti,jguidettiaq@addtoany.com,Genderfluid,89.147.94.167
388,Vidovic,Paulillo,vpaulilloar@lulu.com,Male,141.141.26.238
389,Ibby,Licciardello,ilicciardelloas@boston.com,Female,143.44.141.78
390,Leora,Omrod,lomrodat@google.com.br,Female,206.249.154.134
391,Clifford,Carpenter,ccarpenterau@163.com,Male,241.146.159.255
392,Lorry,Herreros,lherrerosav@ning.com,Female,224.23.69.36
393,Abbie,Fyers,afyersaw@yandex.ru,Female,146.235.216.239
394,Wilmar,Semonin,wsemoninax@dailymotion.com,Male,87.253.219.131
395,Sylvester,Woodhall,swoodhallay@homestead.com,Male,44.187.203.9
396,Barty,Westell,bwestellaz@goodreads.com,Male,172.190.8.45
397,Gibby,Bosse,gbosseb0@youtu.be,Male,123.49.33.240
398,Dix,Spalls,dspallsb1@elpais.com,Bigender,109.175.144.126
399,Porty,Louiset,plouisetb2@geocities.jp,Male,119.89.113.133
400,Viviana,Cartner,vcartnerb3@businesswire.com,Female,227.163.114.100
401,Silvano,Goschalk,sgoschalkb4@examiner.com,Male,220.125.131.196
402,Jessika,Shortall,jshortallb5@utexas.edu,Female,158.245.201.216
403,Carlye,Dunnet,cdunnetb6@nasa.gov,Female,110.206.170.83
404,Griffy,O'Clery,gocleryb7@dailymail.co.uk,Male,163.38.245.29
405,Sampson,Slad,ssladb8@msu.edu,Male,127.254.223.118
406,Marji,Hugonet,mhugonetb9@vimeo.com,Female,40.205.77.170
407,Lyman,Burgwin,lburgwinba@wunderground.com,Male,122.16.182.155
408,Gilda,Lithgow,glithgowbb@jigsy.com,Female,204.242.23.5
409,Konstanze,Grombridge,kgrombridgebc@google.cn,Female,192.253.170.148
410,Batsheva,Catmull,bcatmullbd@comsenz.com,Female,78.23.1.37
411,Auguste,Robiou,arobioube@nps.gov,Female,96.161.6.209
412,Lisle,Barock,lbarockbf@go.com,Male,33.111.202.30
413,Frank,Smewing,fsmewingbg@instagram.com,Female,114.242.155.21
414,Martynne,Earlam,mearlambh@plala.or.jp,Female,25.158.140.17
415,Drud,Treadaway,dtreadawaybi@mapy.cz,Male,43.135.237.155
416,Bathsheba,Buckles,bbucklesbj@berkeley.edu,Female,71.194.27.45
417,Zea,Gilardoni,zgilardonibk@cbsnews.com,Non-binary,44.93.180.0
418,Kimberli,Hovy,khovybl@reverbnation.com,Female,103.210.89.104
419,Konrad,Dermott,kdermottbm@accuweather.com,Male,125.68.202.18
420,Christy,Troth,ctrothbn@jiathis.com,Male,35.196.21.8
421,Yettie,McIlhagga,ymcilhaggabo@csmonitor.com,Female,201.174.227.132
422,Irving,Arro,iarrobp@webnode.com,Male,149.245.254.166
423,Gordie,Matthisson,gmatthissonbq@trellian.com,Male,220.119.153.173
424,Cally,Greest,cgreestbr@drupal.org,Female,194.33.128.149
425,Mose,Wagge,mwaggebs@dot.gov,Male,129.153.17.152
426,Deeann,Cannaway,dcannawaybt@ucla.edu,Female,7.20.119.87
427,Toddy,Colafate,tcolafatebu@cpanel.net,Male,124.249.92.254
428,Merrill,Frostdicke,mfrostdickebv@wunderground.com,Male,47.218.184.60
429,Judah,Benford,jbenfordbw@cyberchimps.com,Male,196.114.94.39
430,Adi,Pauly,apaulybx@miitbeian.gov.cn,Female,145.239.82.45
431,Hulda,Devericks,hdevericksby@wikispaces.com,Agender,82.46.174.174
432,Frasquito,Hadlington,fhadlingtonbz@smh.com.au,Male,64.177.36.248
433,Jo ann,Hogben,jhogbenc0@acquirethisname.com,Female,75.11.189.18
434,Regan,Peyntue,rpeyntuec1@istockphoto.com,Male,201.118.200.247
435,Jacky,Clementel,jclementelc2@columbia.edu,Female,192.161.243.254
436,Francisco,Paradin,fparadinc3@shinystat.com,Non-binary,75.229.91.107
437,Marja,Welland,mwellandc4@live.com,Female,81.43.13.187
438,Kelly,McCuaig,kmccuaigc5@slashdot.org,Male,34.135.177.12
439,Cathrin,Blackaller,cblackallerc6@omniture.com,Female,226.95.94.191
440,Maurice,Winterson,mwintersonc7@domainmarket.com,Male,11.228.134.49
441,Tanhya,Danigel,tdanigelc8@businesswire.com,Female,12.149.177.147
442,Garreth,Wintersgill,gwintersgillc9@prnewswire.com,Male,79.132.30.147
443,Hewitt,Cridlin,hcridlinca@nydailynews.com,Male,65.183.249.199
444,Damien,Neljes,dneljescb@reference.com,Male,243.83.37.122
445,Darb,Oldland,doldlandcc@soundcloud.com,Female,17.27.182.176
446,Emelyne,Whatmough,ewhatmoughcd@marriott.com,Female,19.157.150.195
447,Laurie,Formoy,lformoyce@phoca.cz,Female,70.236.169.169
448,Rowney,Maryman,rmarymancf@telegraph.co.uk,Male,15.6.102.21
449,Gwendolen,Maylor,gmaylorcg@cdc.gov,Female,245.154.195.25
450,Salome,Trythall,strythallch@163.com,Genderfluid,116.64.234.189
451,Taite,Durrand,tdurrandci@reuters.com,Polygender,144.81.92.70
452,Roxie,Heggadon,rheggadoncj@goo.gl,Female,251.153.40.0
453,Vanny,Splevins,vsplevinsck@discovery.com,Female,23.125.122.140
454,Star,Pasley,spasleycl@liveinternet.ru,Female,114.18.19.158
455,Marta,Junes,mjunescm@ning.com,Female,10.126.126.16
456,Claudelle,Savill,csavillcn@lycos.com,Female,171.250.228.9
457,Juliann,Bagby,jbagbyco@theguardian.com,Female,113.17.193.122
458,Heath,Sambiedge,hsambiedgecp@adobe.com,Male,248.224.233.219
459,Lorie,Brunton,lbruntoncq@ocn.ne.jp,Female,193.1.119.50
460,Jecho,Edkins,jedkinscr@myspace.com,Male,13.129.22.155
461,Korey,Franke,kfrankecs@who.int,Male,119.158.125.27
462,Rochell,Littleproud,rlittleproudct@dyndns.org,Female,132.163.246.123
463,Riobard,Hoovart,rhoovartcu@myspace.com,Male,120.104.248.11
464,Thorn,Boulstridge,tboulstridgecv@irs.gov,Male,133.112.244.162
465,Deeanne,Agg,daggcw@dagondesign.com,Female,4.117.72.253
466,Hedi,Apfler,hapflercx@cargocollective.com,Female,230.217.246.242
467,Westbrooke,Izzat,wizzatcy@spiegel.de,Male,51.132.242.61
468,Montague,Brosnan,mbrosnancz@devhub.com,Male,95.13.84.168
469,Rory,Sey,rseyd0@amazon.com,Male,154.53.193.64
470,Kirstyn,Critchley,kcritchleyd1@reverbnation.com,Female,234.195.14.117
471,Henrie,Tincknell,htincknelld2@ustream.tv,Female,185.86.166.40
472,Winny,Garley,wgarleyd3@netlog.com,Male,36.188.74.130
473,Chan,Scarse,cscarsed4@fotki.com,Male,173.78.160.187
474,Margarethe,Yurenin,myurenind5@china.com.cn,Female,241.210.234.38
475,Ebonee,Goodman,egoodmand6@imdb.com,Female,207.68.244.180
476,Naomi,Bunworth,nbunworthd7@issuu.com,Female,196.147.129.238
477,Goldia,Harding,ghardingd8@blogtalkradio.com,Female,44.251.29.216
478,Rodolfo,Mattholie,rmattholied9@wisc.edu,Male,53.108.177.37
479,Emerson,Devers,edeversda@lulu.com,Male,42.113.14.231
480,Benny,Sherwell,bsherwelldb@dyndns.org,Female,58.35.233.202
481,Dur,Tomaello,dtomaellodc@ning.com,Male,165.62.132.214
482,Rubin,Pilfold,rpilfolddd@toplist.cz,Male,199.215.115.105
483,Arnaldo,Gregori,agregoride@barnesandnoble.com,Male,241.105.158.63
484,Pammy,Braunroth,pbraunrothdf@nps.gov,Female,140.196.57.241
485,Leopold,De Vere,ldeveredg@e-recht24.de,Male,161.228.185.144
486,Danica,Steels,dsteelsdh@ustream.tv,Female,56.68.255.164
487,Iain,Papa,ipapadi@apple.com,Male,90.26.183.88
488,Amberly,Fitzharris,afitzharrisdj@examiner.com,Female,108.143.212.220
489,Huberto,Charles,hcharlesdk@apache.org,Male,161.222.81.6
490,Duncan,Yanov,dyanovdl@cmu.edu,Male,26.27.225.101
491,Kimmi,Gerler,kgerlerdm@adobe.com,Female,81.160.208.6
492,Drew,Yepiskopov,dyepiskopovdn@ehow.com,Non-binary,77.34.0.28
493,Randolph,Looker,rlookerdo@theguardian.com,Male,52.44.59.65
494,Jenny,Gori,jgoridp@pcworld.com,Female,102.66.119.254
495,Tibold,Swateridge,tswateridgedq@thetimes.co.uk,Male,167.67.114.138
496,Lorelei,Stocks,lstocksdr@google.it,Female,204.76.67.211
497,Alberta,Greguoli,agreguolids@smh.com.au,Female,184.95.111.38
498,Merwyn,Branni,mbrannidt@csmonitor.com,Male,201.21.21.214
499,Kristine,Chasemore,kchasemoredu@vk.com,Female,40.243.81.144
500,Darius,Wilden,dwildendv@ifeng.com,Male,230.115.123.110
501,Justis,Andre,jandredw@theguardian.com,Male,148.31.40.174
502,Alejandrina,Grunbaum,agrunbaumdx@disqus.com,Female,102.122.209.170
503,Timmy,Farge,tfargedy@amazon.co.uk,Male,122.17.236.163
504,Brannon,Frissell,bfrisselldz@squarespace.com,Male,185.155.246.250
505,Aldridge,Shaplin,ashapline0@google.co.jp,Male,227.64.130.15
506,Glenn,Littrik,glittrike1@cmu.edu,Agender,130.142.44.179
507,Vinnie,Granger,vgrangere2@jugem.jp,Female,30.197.250.175
508,Gil,Densey,gdenseye3@home.pl,Male,74.9.25.25
509,Babb,Ealam,bealame4@salon.com,Female,53.12.189.209
510,Dana,Muselli,dmusellie5@symantec.com,Male,223.131.132.167
511,Faulkner,Dunford,fdunforde6@tiny.cc,Male,230.46.87.81
512,Gill,Tavner,gtavnere7@wired.com,Genderfluid,15.30.217.8
513,Randall,Prebble,rprebblee8@latimes.com,Male,248.61.163.25
514,Virginia,Chumley,vchumleye9@nature.com,Female,112.198.142.72
515,Conant,Kenny,ckennyea@rakuten.co.jp,Male,89.146.210.49
516,Putnam,De Mitris,pdemitriseb@usa.gov,Male,174.223.180.24
517,Cayla,Sey,cseyec@tinyurl.com,Female,131.32.6.2
518,Halli,Nerger,hnergered@wufoo.com,Female,131.226.118.142
519,Ed,Malecky,emaleckyee@ucoz.ru,Genderqueer,109.115.66.133
520,Candie,Shepstone,cshepstoneef@abc.net.au,Female,65.163.56.224
521,Kyrstin,Thomasson,kthomassoneg@netvibes.com,Female,174.126.187.114
522,Emilio,Kastel,ekasteleh@fda.gov,Male,20.171.10.137
523,Dulciana,Jubb,djubbei@discuz.net,Female,66.254.109.192
524,Nye,Espinos,nespinosej@miitbeian.gov.cn,Male,62.72.168.100
525,Emmi,Tooth,etoothek@imageshack.us,Agender,137.76.188.195
526,Oliviero,Rolfo,orolfoel@stanford.edu,Male,152.15.212.56
527,Tades,Isson,tissonem@cdc.gov,Genderfluid,148.204.11.138
528,Lilllie,Basire,lbasireen@issuu.com,Female,124.43.41.28
529,Chalmers,Farrens,cfarrenseo@ebay.com,Male,135.189.249.157
530,Rebe,Knowler,rknowlerep@altervista.org,Female,142.46.126.116
531,Mikel,Bertolaccini,mbertolaccinieq@yahoo.com,Male,96.104.234.34
532,Gweneth,Barkway,gbarkwayer@zdnet.com,Female,223.189.41.223
533,Porter,Treswell,ptreswelles@microsoft.com,Male,146.79.2.136
534,Shayna,Philler,sphilleret@netvibes.com,Genderfluid,125.114.11.5
535,Terri,Rowly,trowlyeu@1und1.de,Female,192.214.7.161
536,Fern,Billiard,fbilliardev@house.gov,Female,154.168.67.152
537,Zak,Barstow,zbarstowew@list-manage.com,Genderqueer,223.14.218.13
538,Hilton,Narey,hnareyex@pcworld.com,Male,59.95.112.24
539,Lorri,Farfoot,lfarfootey@apple.com,Bigender,223.49.66.133
540,Cornelius,Comar,ccomarez@google.de,Male,238.33.198.215
541,Rance,Jamson,rjamsonf0@fc2.com,Male,81.65.215.136
542,Christabella,McColl,cmccollf1@earthlink.net,Female,197.236.183.113
543,Giordano,Kiehnlt,gkiehnltf2@technorati.com,Male,183.33.108.21
544,Timmie,Kinlock,tkinlockf3@ox.ac.uk,Male,100.69.195.207
545,Anselma,Challiner,achallinerf4@creativecommons.org,Female,26.48.14.4
546,Asa,Fforde,affordef5@wufoo.com,Male,115.163.159.75
547,Jeno,Martynka,jmartynkaf6@joomla.org,Polygender,20.84.32.49
548,Bard,Conti,bcontif7@eepurl.com,Male,123.54.197.68
549,Shem,Maffioletti,smaffiolettif8@va.gov,Male,170.5.246.110
550,Milli,Woodham,mwoodhamf9@ihg.com,Female,195.17.102.99
551,Tallulah,Berkely,tberkelyfa@china.com.cn,Female,139.191.69.23
552,Ilse,Treeby,itreebyfb@go.com,Female,202.155.104.147
553,Casandra,Hewins,chewinsfc@reddit.com,Female,35.247.233.217
554,Liane,Hafner,lhafnerfd@howstuffworks.com,Female,15.190.69.55
555,Marlin,Ingall,mingallfe@slideshare.net,Male,226.120.172.228
556,Bliss,Lassetter,blassetterff@shareasale.com,Female,105.84.135.25
557,Schuyler,Ismay,sismayfg@cnet.com,Male,118.89.72.111
558,Brooks,Hannen,bhannenfh@cornell.edu,Male,120.243.248.60
559,Donny,Ineson,dinesonfi@privacy.gov.au,Male,96.164.25.143
560,Page,McCarver,pmccarverfj@dropbox.com,Female,139.180.160.94
561,Ruperto,Portigall,rportigallfk@addtoany.com,Male,78.167.19.8
562,Lanae,Pancast,lpancastfl@techcrunch.com,Female,194.217.126.132
563,Margaux,Alchin,malchinfm@lulu.com,Female,60.126.229.56
564,Archibaldo,Lockhart,alockhartfn@canalblog.com,Male,240.103.53.71
565,Brendin,Pagan,bpaganfo@nhs.uk,Male,115.14.30.122
566,Myrtle,Trimble,mtrimblefp@seesaa.net,Female,47.206.34.109
567,Logan,Kitteringham,lkitteringhamfq@ucsd.edu,Male,0.2.44.38
568,Livvie,Sprakes,lsprakesfr@zimbio.com,Female,83.141.137.165
569,Alwyn,Gwilt,agwiltfs@nationalgeographic.com,Male,123.101.149.92
570,Flory,Bramble,fbrambleft@blogtalkradio.com,Female,45.156.44.125
571,Blondy,Whitaker,bwhitakerfu@weebly.com,Female,65.54.255.245
572,Bevan,Clewley,bclewleyfv@blogspot.com,Male,209.194.65.143
573,Urbano,Boden,ubodenfw@sfgate.com,Male,5.251.0.110
574,Trudy,Ellsworthe,tellsworthefx@dropbox.com,Female,147.35.241.144
575,Brant,Tesche,bteschefy@auda.org.au,Male,13.6.63.242
576,Justino,Roof,jrooffz@miitbeian.gov.cn,Male,199.153.115.214
577,Florri,O'Toole,fotooleg0@nbcnews.com,Female,131.36.238.91
578,Chuck,Heustace,cheustaceg1@51.la,Male,149.141.173.105
579,Rutter,Silversmid,rsilversmidg2@stumbleupon.com,Male,139.66.216.120
580,Lisle,Vallerine,lvallerineg3@ucsd.edu,Bigender,128.89.77.85
581,Agretha,Cota,acotag4@github.io,Female,183.235.10.153
582,Francklyn,Gollin,fgolling5@eepurl.com,Male,183.132.116.233
583,Pattin,Robelin,probeling6@tamu.edu,Male,145.119.68.216
584,Mikey,Trowl,mtrowlg7@flavors.me,Male,150.172.87.51
585,Jane,Birrel,jbirrelg8@tinyurl.com,Female,14.33.165.169
586,Feliks,Dillimore,fdillimoreg9@nih.gov,Male,39.142.109.172
587,Charlotta,Besantie,cbesantiega@telegraph.co.uk,Female,144.239.137.244
588,Nil,McCluin,nmccluingb@booking.com,Male,206.182.25.179
589,Nevil,Tough,ntoughgc@tuttocitta.it,Male,205.44.229.32
590,Devonna,Scanterbury,dscanterburygd@nationalgeographic.com,Female,53.105.129.28
591,Christina,Dunkley,cdunkleyge@biglobe.ne.jp,Female,209.75.204.197
592,Bel,Drayn,bdrayngf@tinypic.com,Female,164.19.89.13
593,Ferdie,Cohn,fcohngg@narod.ru,Male,113.179.9.184
594,Tyson,Ponte,tpontegh@istockphoto.com,Male,207.88.80.47
595,Morissa,Pele,mpelegi@dell.com,Female,158.222.224.95
596,Foster,Marquot,fmarquotgj@liveinternet.ru,Male,202.140.91.203
597,Moll,Amsberger,mamsbergergk@fc2.com,Female,137.250.180.72
598,Early,MacKenney,emackenneygl@paginegialle.it,Male,165.117.181.95
599,Blinnie,Puddifer,bpuddifergm@mayoclinic.com,Female,64.237.126.164
600,Lucho,De Filippi,ldefilippign@t.co,Male,81.35.48.68
601,Andra,Blakey,ablakeygo@salon.com,Polygender,57.34.155.26
602,Nanice,Boshere,nbosheregp@jugem.jp,Polygender,245.32.238.14
603,Alvera,Venour,avenourgq@cargocollective.com,Female,18.41.221.242
604,Hamilton,Fansy,hfansygr@ox.ac.uk,Male,215.29.253.244
605,Hermine,Ivchenko,hivchenkogs@elpais.com,Female,128.104.150.91
606,Zonda,Garz,zgarzgt@biglobe.ne.jp,Female,47.234.16.197
607,Toiboid,Treadwell,ttreadwellgu@unesco.org,Male,95.193.144.120
608,Randie,Bauldry,rbauldrygv@netscape.com,Female,167.7.19.202
609,Tasha,Beardwell,tbeardwellgw@yellowbook.com,Female,119.159.5.185
610,Gearalt,Cosley,gcosleygx@1688.com,Male,155.208.141.151
611,Dorie,Blackston,dblackstongy@sun.com,Male,91.218.239.44
612,Sergei,Gascoyne,sgascoynegz@de.vu,Male,158.28.64.245
613,Corinne,Josling,cjoslingh0@github.io,Female,148.231.134.228
614,Claire,Stanhope,cstanhopeh1@themeforest.net,Female,233.242.15.35
615,Tatum,Maytom,tmaytomh2@simplemachines.org,Female,204.20.109.39
616,Decca,Elce,delceh3@godaddy.com,Non-binary,53.16.74.255
617,Arri,Deveril,adeverilh4@pen.io,Male,206.227.36.234
618,Alica,Clardge,aclardgeh5@rambler.ru,Female,177.173.225.59
619,Granger,Velte,gvelteh6@elegantthemes.com,Male,45.84.105.201
620,Virgil,Lahiff,vlahiffh7@etsy.com,Male,168.31.140.193
621,Eileen,Fennelly,efennellyh8@theguardian.com,Female,185.23.162.0
622,Meier,Cobb,mcobbh9@prweb.com,Male,240.84.173.71
623,Carmela,Rove,croveha@miibeian.gov.cn,Female,93.239.160.36
624,Nevins,Livett,nlivetthb@squarespace.com,Male,196.37.30.125
625,Dael,McRinn,dmcrinnhc@unblog.fr,Female,152.173.5.225
626,Danice,Gamage,dgamagehd@is.gd,Polygender,152.117.68.163
627,Thacher,Lints,tlintshe@marriott.com,Male,105.5.228.62
628,Brunhilda,Garrison,bgarrisonhf@fotki.com,Female,253.105.104.68
629,Gerrie,Narey,gnareyhg@tamu.edu,Agender,108.116.235.167
630,Cash,Cockshoot,ccockshoothh@weibo.com,Male,246.184.197.9
631,Bernadine,McEneny,bmcenenyhi@pbs.org,Genderqueer,61.66.203.141
632,Shurlocke,Pichmann,spichmannhj@salon.com,Bigender,205.1.177.162
633,Cazzie,Airdrie,cairdriehk@stanford.edu,Male,152.202.149.0
634,Alyss,Poveleye,apoveleyehl@facebook.com,Female,1.84.59.19
635,Sophey,Livingstone,slivingstonehm@alibaba.com,Female,44.188.48.255
636,Grant,Bogies,gbogieshn@so-net.ne.jp,Male,116.203.32.158
637,Hilda,Desborough,hdesboroughho@simplemachines.org,Female,38.77.3.213
638,Constantine,Brownhall,cbrownhallhp@paypal.com,Female,172.224.166.28
639,Kenna,Millom,kmillomhq@dailymail.co.uk,Female,193.133.148.114
640,Laurent,Grimmolby,lgrimmolbyhr@php.net,Male,53.191.36.188
641,Dalston,Briddock,dbriddockhs@smugmug.com,Male,76.159.83.176
642,Wilie,Bartol,wbartolht@upenn.edu,Female,137.82.47.68
643,Carlie,Mosley,cmosleyhu@blogger.com,Female,116.72.30.222
644,Bree,Cristofvao,bcristofvaohv@microsoft.com,Female,159.82.39.29
645,Martynne,Mcmanaman,mmcmanamanhw@cargocollective.com,Female,78.95.12.165
646,Thorndike,Oulett,touletthx@dropbox.com,Male,52.8.151.134
647,Stephen,Wickrath,swickrathhy@pen.io,Male,141.44.161.24
648,Griffy,Ching,gchinghz@drupal.org,Male,212.193.100.105
649,Sheila,Bean,sbeani0@addthis.com,Female,78.56.70.171
650,Barnabas,Rignall,brignalli1@webeden.co.uk,Male,169.35.239.50
651,Donnie,Sevin,dsevini2@stumbleupon.com,Female,158.120.151.248
652,Charlton,Yggo,cyggoi3@dailymail.co.uk,Male,23.114.103.161
653,Diannne,Lehr,dlehri4@creativecommons.org,Female,60.42.208.242
654,Brendin,Bellee,bbelleei5@umich.edu,Male,63.57.12.100
655,Lib,Bensusan,lbensusani6@sogou.com,Female,122.76.33.205
656,Solomon,McDade,smcdadei7@hhs.gov,Male,179.188.221.149
657,Yankee,Boniface,ybonifacei8@arizona.edu,Male,15.61.78.182
658,Waiter,Gallymore,wgallymorei9@free.fr,Male,79.178.169.104
659,Worden,Strutz,wstrutzia@chicagotribune.com,Male,243.237.243.53
660,Prent,Minett,pminettib@psu.edu,Male,206.187.183.83
661,Aloin,Parlott,aparlottic@apple.com,Male,254.167.79.32
662,Kenyon,Deegan,kdeeganid@merriam-webster.com,Male,202.113.231.141
663,Pooh,Pickover,ppickoverie@howstuffworks.com,Male,148.254.69.151
664,Rustin,Marney,rmarneyif@apple.com,Male,90.150.148.57
665,Shadow,Seton,ssetonig@pbs.org,Male,96.244.92.97
666,Avigdor,Loyndon,aloyndonih@ftc.gov,Male,223.86.110.50
667,Emelia,Wentworth,ewentworthii@phpbb.com,Female,31.137.20.78
668,Reider,Hearnes,rhearnesij@hao123.com,Male,38.128.248.132
669,Dudley,Wensley,dwensleyik@myspace.com,Male,249.242.189.44
670,Gusty,Ackrill,gackrillil@gnu.org,Female,180.79.122.196
671,Minor,Rylett,mrylettim@senate.gov,Male,138.78.241.78
672,Antonina,Adamthwaite,aadamthwaitein@telegraph.co.uk,Female,181.241.101.1
673,Nikola,Scholtz,nscholtzio@wikipedia.org,Male,209.57.29.212
674,Allayne,Fermer,afermerip@a8.net,Male,141.200.88.76
675,Brittany,Varren,bvarreniq@newyorker.com,Female,203.41.215.222
676,Meade,Basketter,mbasketterir@yale.edu,Male,75.183.134.90
677,Blisse,Cullinane,bcullinaneis@ibm.com,Female,42.136.109.44
678,Feodor,Shillito,fshillitoit@typepad.com,Male,87.105.235.64
679,Athene,Pabst,apabstiu@ovh.net,Female,139.138.168.193
680,Wanids,Agget,waggetiv@fastcompany.com,Female,120.111.219.159
681,Bertram,Groveham,bgrovehamiw@hostgator.com,Male,98.152.102.176
682,Tadio,Penner,tpennerix@pen.io,Male,144.207.48.19
683,Thoma,Plenty,tplentyiy@uol.com.br,Male,63.112.164.187
684,Ashil,Stronack,astronackiz@cmu.edu,Female,91.220.232.48
685,Saul,Plose,splosej0@redcross.org,Male,226.172.70.67
686,Cecelia,Smythin,csmythinj1@google.com.br,Female,134.50.239.46
687,Ximenes,Sagg,xsaggj2@discovery.com,Male,13.137.56.9
688,Lindi,Fowgies,lfowgiesj3@jiathis.com,Female,111.192.42.102
689,Farlay,Roffey,froffeyj4@phpbb.com,Male,241.83.162.231
690,Rickie,Trebbett,rtrebbettj5@godaddy.com,Male,59.191.87.130
691,Delila,Frascone,dfrasconej6@dropbox.com,Genderqueer,241.112.172.207
692,Courtney,Pook,cpookj7@weebly.com,Male,191.74.132.74
693,Wake,Troyes,wtroyesj8@yellowbook.com,Male,67.81.62.1
694,Boy,Lidierth,blidierthj9@webnode.com,Male,38.137.134.87
695,Borg,Heady,bheadyja@purevolume.com,Male,187.31.147.116
696,Alex,Balsillie,abalsilliejb@weebly.com,Female,26.155.124.2
697,Rorie,Farlam,rfarlamjc@bluehost.com,Female,113.104.47.9
698,Amy,Swinnard,aswinnardjd@blogtalkradio.com,Bigender,236.217.227.75
699,Karmen,Seaborne,kseaborneje@ask.com,Female,29.13.20.203
700,Arte,Gullam,agullamjf@naver.com,Male,37.14.221.163
701,Coop,Pietzke,cpietzkejg@sakura.ne.jp,Male,124.249.147.57
702,Livvie,Giacomini,lgiacominijh@slideshare.net,Female,56.214.179.58
703,Arni,January 1st,ajanuarystji@clickbank.net,Non-binary,208.120.149.239
704,Heindrick,Callum,hcallumjj@spiegel.de,Male,81.203.201.203
705,Artus,Stellin,astellinjk@mozilla.com,Male,106.24.143.123
706,Sib,Polglase,spolglasejl@canalblog.com,Female,181.165.105.141
707,Tomasine,Rowan,trowanjm@sakura.ne.jp,Female,198.106.112.186
708,Harlie,Brettelle,hbrettellejn@slashdot.org,Female,165.148.253.191
709,Sandi,Bartlomieczak,sbartlomieczakjo@friendfeed.com,Female,63.221.160.37
710,Eldin,Huc,ehucjp@chron.com,Male,131.80.29.234
711,Jarib,Gwatkins,jgwatkinsjq@elpais.com,Male,41.7.130.135
712,Eloise,Stadding,estaddingjr@yahoo.co.jp,Female,208.88.245.3
713,Zorina,Anstiss,zanstissjs@marriott.com,Female,44.176.84.83
714,Diann,Thams,dthamsjt@discovery.com,Female,22.50.4.237
715,Doralyn,Britian,dbritianju@unc.edu,Female,38.130.104.72
716,Ronny,Glantz,rglantzjv@ovh.net,Male,215.139.106.74
717,Arthur,Banton,abantonjw@wordpress.com,Male,131.246.51.111
718,Putnem,Ternent,pternentjx@imageshack.us,Male,113.139.9.118
719,Olia,Novotna,onovotnajy@blogger.com,Female,212.81.95.162
720,Hartwell,Hughson,hhughsonjz@prlog.org,Male,211.29.187.109
721,Hyman,Angove,hangovek0@weebly.com,Male,189.214.15.168
722,Cass,McAless,cmcalessk1@fotki.com,Female,153.242.193.123
723,Shelley,Dorr,sdorrk2@ifeng.com,Male,93.78.154.178
724,Silva,Mainston,smainstonk3@mit.edu,Female,148.248.164.76
725,Yetty,Horley,yhorleyk4@usgs.gov,Agender,208.80.228.204
726,Ofilia,Lange,olangek5@examiner.com,Female,183.33.71.175
727,Joelle,Challicum,jchallicumk6@surveymonkey.com,Female,92.119.91.55
728,Rubi,Klimashevich,rklimashevichk7@youku.com,Female,59.117.242.213
729,Merilyn,Lenihan,mlenihank8@nyu.edu,Female,10.255.235.193
730,Becka,Serck,bserckk9@patch.com,Female,224.157.177.4
731,Giulietta,Kynastone,gkynastoneka@uiuc.edu,Female,91.244.108.252
732,Caroline,Wylam,cwylamkb@hostgator.com,Female,251.27.88.210
733,Dunc,Boffey,dboffeykc@networksolutions.com,Polygender,88.250.3.134
734,Ebba,Moran,emorankd@salon.com,Female,27.145.16.46
735,Otto,Toffolini,otoffolinike@eepurl.com,Male,125.43.32.171
736,Rice,MacRinn,rmacrinnkf@csmonitor.com,Male,210.1.65.201
737,Geralda,Whiffen,gwhiffenkg@indiegogo.com,Female,205.117.142.121
738,Gabriello,Esberger,gesbergerkh@seattletimes.com,Male,159.31.163.104
739,Shellie,Gookes,sgookeski@ftc.gov,Female,205.108.178.185
740,Sianna,Atwool,satwoolkj@xing.com,Female,203.208.102.75
741,Barbabra,Keneforde,bkenefordekk@senate.gov,Female,12.254.216.148
742,Marcos,Marriott,mmarriottkl@quantcast.com,Male,131.158.51.217
743,Ike,Golagley,igolagleykm@thetimes.co.uk,Polygender,248.121.32.27
744,Vikky,Astles,vastleskn@businessweek.com,Genderfluid,212.155.156.189
745,Perren,Culver,pculverko@state.gov,Genderqueer,168.84.73.69
746,Rufus,Trehearne,rtrehearnekp@dailymail.co.uk,Genderqueer,244.21.231.145
747,Katlin,Judkin,kjudkinkq@cdc.gov,Non-binary,187.66.62.79
748,Calv,MacAndie,cmacandiekr@slate.com,Agender,216.231.44.156
749,Frederik,Bulcock,fbulcockks@nymag.com,Male,161.30.135.184
750,Cindra,Jeannet,cjeannetkt@mtv.com,Female,184.52.248.116
751,Fitz,Linger,flingerku@loc.gov,Male,150.23.222.91
752,Gilbert,Knappen,gknappenkv@twitpic.com,Male,199.95.235.188
753,Shirline,Simoneschi,ssimoneschikw@ocn.ne.jp,Female,249.51.116.226
754,Judy,Eggins,jegginskx@salon.com,Female,197.215.45.145
755,Sanderson,Myton,smytonky@youku.com,Agender,205.72.234.128
756,Percy,Worssam,pworssamkz@google.it,Male,169.91.46.20
757,Inger,Bertome,ibertomel0@ycombinator.com,Male,228.68.95.21
758,Madelyn,Merrigans,mmerrigansl1@csmonitor.com,Female,126.168.30.5
759,Trixie,Raddish,traddishl2@berkeley.edu,Female,212.149.27.212
760,Fernandina,Jowers,fjowersl3@dropbox.com,Female,111.6.136.231
761,Renaud,Rosenthaler,rrosenthalerl4@pinterest.com,Male,83.10.154.176
762,Buck,Washbrook,bwashbrookl5@rediff.com,Male,127.205.142.131
763,Caitrin,Whitington,cwhitingtonl6@mac.com,Female,217.99.194.143
764,Katinka,Tevlin,ktevlinl7@friendfeed.com,Female,60.104.11.125
765,Laurens,Longthorn,llongthornl8@washington.edu,Male,130.192.208.159
766,Obadiah,Tempest,otempestl9@vistaprint.com,Male,237.163.36.254
767,Priscilla,Pabel,ppabella@nationalgeographic.com,Female,155.9.103.73
768,Corie,Awcoate,cawcoatelb@canalblog.com,Female,225.124.248.195
769,Gram,Bresnahan,gbresnahanlc@hud.gov,Male,16.165.154.214
770,Kamilah,Kohen,kkohenld@constantcontact.com,Female,3.204.58.140
771,Abby,Imesen,aimesenle@intel.com,Agender,44.6.75.153
772,Dory,Mussard,dmussardlf@lulu.com,Female,127.228.254.109
773,Ellynn,Shory,eshorylg@free.fr,Female,217.24.193.213
774,Bald,Alderton,baldertonlh@arizona.edu,Male,81.40.28.186
775,Bennie,Greder,bgrederli@rakuten.co.jp,Female,118.85.78.21
776,Silvanus,Crudgington,scrudgingtonlj@tumblr.com,Male,255.145.66.116
777,Beilul,Buglass,bbuglasslk@newsvine.com,Female,138.18.204.33
778,Bobbe,Henden,bhendenll@senate.gov,Female,34.117.194.24
779,Stephine,Rebeiro,srebeirolm@arstechnica.com,Female,38.194.155.228
780,Clem,Amorts,camortsln@forbes.com,Male,149.248.251.177
781,Lorettalorna,Savile,lsavilelo@about.me,Female,2.23.19.200
782,Sonnie,Downgate,sdowngatelp@reuters.com,Female,126.130.179.221
783,Garey,Brightwell,gbrightwelllq@sun.com,Male,212.107.174.198
784,Binky,Dragon,bdragonlr@livejournal.com,Male,26.97.139.140
785,Kellsie,Gosdin,kgosdinls@omniture.com,Female,227.81.201.6
786,Keary,Grant,kgrantlt@tinypic.com,Male,97.92.4.246
787,Danya,Twinbrow,dtwinbrowlu@prlog.org,Bigender,116.108.29.67
788,Redford,Budden,rbuddenlv@reverbnation.com,Male,137.100.18.191
789,Idaline,Warren,iwarrenlw@sfgate.com,Polygender,20.225.189.67
790,Ric,Stocks,rstockslx@google.fr,Male,42.184.2.66
791,Benni,Broadis,bbroadisly@booking.com,Female,30.193.212.49
792,Way,Bathowe,wbathowelz@dagondesign.com,Male,106.194.134.208
793,Celie,Hartigan,chartiganm0@tripod.com,Female,170.25.78.229
794,Nigel,Kington,nkingtonm1@eventbrite.com,Male,86.237.131.97
795,Hall,Bodycote,hbodycotem2@arstechnica.com,Male,113.184.151.3
796,Antonie,Hourican,ahouricanm3@dailymail.co.uk,Female,233.190.65.63
797,Moria,Bodicum,mbodicumm4@yolasite.com,Female,13.231.183.47
798,Currie,Philip,cphilipm5@mediafire.com,Male,132.199.134.161
799,Hatty,Congram,hcongramm6@state.gov,Female,158.172.158.190
800,Edvard,Bunclark,ebunclarkm7@behance.net,Genderfluid,29.178.224.177
801,Cob,Nuschke,cnuschkem8@umn.edu,Male,219.168.110.222
802,Nicol,McGuff,nmcguffm9@barnesandnoble.com,Male,105.141.138.139
803,Gaston,Jeduch,gjeduchma@stanford.edu,Male,253.114.249.84
804,Pearle,Fozzard,pfozzardmb@java.com,Female,103.122.70.143
805,Eugenia,Tuxell,etuxellmc@hexun.com,Female,232.9.167.220
806,Emmet,Slym,eslymmd@census.gov,Male,166.83.65.252
807,Jeniffer,Turpey,jturpeyme@engadget.com,Female,92.133.136.191
808,Gunner,Gerhardt,ggerhardtmf@hao123.com,Male,20.4.44.209
809,Anica,Aulsford,aaulsfordmg@github.io,Female,55.252.166.202
810,Dixie,Mohan,dmohanmh@sourceforge.net,Female,214.56.123.0
811,Davina,De Biasi,ddebiasimi@chicagotribune.com,Female,171.68.168.18
812,Rossie,Liff,rliffmj@moonfruit.com,Male,198.150.51.65
813,Bennie,Francais,bfrancaismk@engadget.com,Female,6.195.1.236
814,Florenza,Rycraft,frycraftml@princeton.edu,Female,109.232.161.153
815,Warner,Planks,wplanksmm@nature.com,Genderqueer,43.134.213.119
816,Pyotr,Fennelow,pfennelowmn@aol.com,Male,43.131.86.235
817,Westbrook,Fall,wfallmo@sciencedirect.com,Male,51.134.241.82
818,Angelle,Nassau,anassaump@clickbank.net,Female,245.76.81.3
819,Omero,Annwyl,oannwylmq@sina.com.cn,Male,127.23.88.125
820,Frasier,Haskey,fhaskeymr@chron.com,Non-binary,127.188.170.56
821,Fae,Bischof,fbischofms@ft.com,Female,215.70.62.172
822,Chicky,Mintram,cmintrammt@utexas.edu,Male,214.226.171.192
823,Margret,Heningham,mheninghammu@mlb.com,Female,179.42.179.150
824,Homer,Roake,hroakemv@apple.com,Male,132.42.173.227
825,Devin,McCay,dmccaymw@stumbleupon.com,Male,226.27.174.51
826,Johnath,Tomes,jtomesmx@xinhuanet.com,Female,102.5.176.243
827,Delores,Rikkard,drikkardmy@nature.com,Female,128.130.89.110
828,Kirsten,Bizzey,kbizzeymz@vinaora.com,Female,158.236.178.163
829,Noell,Dalziell,ndalzielln0@mail.ru,Female,142.186.197.106
830,Arin,Goodfellowe,agoodfellowen1@creativecommons.org,Male,232.200.161.68
831,Rollo,Pinks,rpinksn2@businessweek.com,Male,8.177.101.145
832,Susanetta,Schroder,sschrodern3@meetup.com,Female,222.70.21.142
833,Celine,Ryves,cryvesn4@linkedin.com,Female,196.11.34.118
834,Rodrick,Holton,rholtonn5@wix.com,Genderqueer,12.130.62.180
835,Ambrosio,Herkess,aherkessn6@cnbc.com,Male,58.71.238.14
836,Englebert,Heyworth,eheyworthn7@networkadvertising.org,Genderfluid,197.147.168.205
837,Den,Janoschek,djanoschekn8@google.es,Male,139.145.141.45
838,Jodie,Jirieck,jjirieckn9@who.int,Male,165.251.249.151
839,Isidor,Vellacott,ivellacottna@imageshack.us,Male,51.254.47.107
840,Cori,Capstaff,ccapstaffnb@hubpages.com,Female,7.141.113.117
841,Ashla,Belch,abelchnc@umich.edu,Female,89.29.177.126
842,Kalle,Matussevich,kmatussevichnd@soundcloud.com,Male,64.251.164.14
843,Karol,Aspenlon,kaspenlonne@odnoklassniki.ru,Female,187.69.64.191
844,Lucina,Peltz,lpeltznf@hugedomains.com,Female,245.105.100.50
845,Kass,Laroux,klarouxng@alexa.com,Non-binary,94.251.51.132
846,Shirley,Pye,spyenh@a8.net,Female,170.27.27.249
847,Lettie,McCluney,lmccluneyni@blogspot.com,Female,220.190.199.78
848,Fremont,Lyddyard,flyddyardnj@ocn.ne.jp,Male,29.140.60.30
849,Dorette,Shippam,dshippamnk@bbc.co.uk,Non-binary,48.117.121.225
850,Yoko,Heiner,yheinernl@pinterest.com,Female,49.4.208.90
851,Giulietta,Kolodziej,gkolodziejnm@dropbox.com,Female,170.84.153.77
852,Rici,Keighly,rkeighlynn@geocities.com,Female,123.104.135.84
853,Shanan,Witch,switchno@ox.ac.uk,Male,176.85.4.127
854,Dan,Dancey,ddanceynp@typepad.com,Male,171.68.28.121
855,Thain,Flageul,tflageulnq@edublogs.org,Male,244.70.14.146
856,Yoshi,Verdun,yverdunnr@xinhuanet.com,Female,143.127.86.51
857,Rancell,Strugnell,rstrugnellns@behance.net,Male,122.75.73.216
858,Penny,Drei,pdreint@bigcartel.com,Female,6.175.234.233
859,Barbie,Arsey,barseynu@over-blog.com,Female,79.43.178.54
860,Chucho,Mugford,cmugfordnv@jiathis.com,Male,18.225.245.123
861,Jeannette,Carslake,jcarslakenw@cam.ac.uk,Female,138.190.13.34
862,Linc,Demogeot,ldemogeotnx@weather.com,Male,31.197.252.70
863,Alic,McIleen,amcileenny@rakuten.co.jp,Male,13.199.8.104
864,Mischa,Truitt,mtruittnz@utexas.edu,Male,222.69.106.184
865,Sileas,Dwerryhouse,sdwerryhouseo0@baidu.com,Female,138.136.16.198
866,Wyndham,Dermott,wdermotto1@house.gov,Male,235.71.126.74
867,Ignazio,Forre,iforreo2@4shared.com,Male,190.116.2.187
868,Edgardo,Blumfield,eblumfieldo3@tiny.cc,Male,249.141.209.96
869,Beret,Pounder,bpoundero4@sohu.com,Female,52.211.247.91
870,Darbee,Isley,disleyo5@woothemes.com,Male,157.135.84.201
871,Hastie,Greenlies,hgreenlieso6@netscape.com,Male,12.60.195.68
872,Lanae,Huddy,lhuddyo7@wordpress.org,Female,225.125.77.182
873,Gradey,Frood,gfroodo8@cnbc.com,Male,159.82.103.188
874,Sharai,Dregan,sdregano9@indiatimes.com,Female,120.136.62.141
875,Cherida,Slora,csloraoa@blog.com,Female,238.209.207.128
876,Raven,Topping,rtoppingob@twitter.com,Female,26.70.103.128
877,Josephina,Kuban,jkubanoc@unblog.fr,Female,4.237.80.137
878,Griswold,Zeplin,gzeplinod@hostgator.com,Male,226.253.8.239
879,Breanne,Cheston,bchestonoe@joomla.org,Female,44.171.66.74
880,Cyril,Jonk,cjonkof@nature.com,Male,95.218.120.132
881,Magdalene,Spurway,mspurwayog@newyorker.com,Female,203.123.220.4
882,Thaddeus,Thurlby,tthurlbyoh@chron.com,Male,107.17.113.69
883,Casey,Barok,cbarokoi@usa.gov,Male,153.28.14.247
884,Cullie,McNirlan,cmcnirlanoj@bravesites.com,Male,72.76.195.202
885,Lawrence,Abrey,labreyok@hao123.com,Male,143.7.194.164
886,Georgine,Yashnov,gyashnovol@kickstarter.com,Female,238.30.100.65
887,Deloria,Golden of Ireland,dgoldenofirelandom@economist.com,Female,76.119.79.245
888,Arturo,Canon,acanonon@ezinearticles.com,Male,148.182.33.168
889,Junina,Strand,jstrandoo@artisteer.com,Female,100.153.103.164
890,Kimberly,Pinnijar,kpinnijarop@wikia.com,Female,63.23.90.191
891,Ferrel,Tait,ftaitoq@netvibes.com,Bigender,134.149.82.32
892,Sybilla,Oxlade,soxladeor@comcast.net,Female,239.94.16.53
893,Urbain,McNess,umcnessos@arizona.edu,Male,232.130.131.245
894,Chaddy,MacBarron,cmacbarronot@ucla.edu,Male,94.49.175.123
895,Wini,Guiet,wguietou@theglobeandmail.com,Bigender,110.233.228.99
896,Eamon,Whilder,ewhilderov@buzzfeed.com,Male,95.211.225.209
897,Coralyn,Headan,cheadanow@bbb.org,Female,181.149.132.211
898,Flin,Rushforth,frushforthox@cloudflare.com,Male,4.76.202.156
899,Sukey,Houlahan,shoulahanoy@google.ca,Female,138.108.52.237
900,Valeria,Shaxby,vshaxbyoz@miitbeian.gov.cn,Female,5.159.236.117
901,Kay,Ramas,kramasp0@who.int,Female,83.147.38.39
902,Brianna,Luebbert,bluebbertp1@altervista.org,Female,252.231.168.182
903,Ody,Shedd,osheddp2@usgs.gov,Male,203.216.162.142
904,Jessie,Bernardoux,jbernardouxp3@boston.com,Male,48.223.90.102
905,Bruce,Pottle,bpottlep4@a8.net,Male,196.180.225.91
906,Junie,Screwton,jscrewtonp5@wikimedia.org,Female,164.30.7.32
907,Tamma,Fehners,tfehnersp6@thetimes.co.uk,Female,135.32.195.203
908,Quincey,Paszek,qpaszekp7@uiuc.edu,Non-binary,164.159.123.114
909,Jaquelyn,Jerrard,jjerrardp8@bloglines.com,Female,17.252.174.172
910,Othilie,Laslett,olaslettp9@vimeo.com,Female,28.132.232.167
911,Alanah,Raddan,araddanpa@stumbleupon.com,Genderqueer,173.212.74.5
912,Kliment,Banfield,kbanfieldpb@springer.com,Male,72.190.39.48
913,Lambert,O'Sheeryne,losheerynepc@nba.com,Genderqueer,254.39.237.222
914,Lisbeth,Camis,lcamispd@prnewswire.com,Female,80.31.44.140
915,Rafaelia,Kensit,rkensitpe@unc.edu,Female,12.197.95.65
916,Kaitlynn,Gagan,kgaganpf@digg.com,Female,229.183.150.152
917,Trip,Baumann,tbaumannpg@redcross.org,Male,110.219.174.127
918,Kyrstin,Gergher,kgergherph@cnet.com,Polygender,232.239.68.162
919,John,Sonschein,jsonscheinpi@nbcnews.com,Male,179.236.85.222
920,Winslow,Withey,wwitheypj@hibu.com,Male,53.60.49.6
921,Melisenda,Murrum,mmurrumpk@ftc.gov,Female,180.25.100.107
922,Artemus,Mew,amewpl@163.com,Male,250.193.238.80
923,Gail,Stucksbury,gstucksburypm@is.gd,Male,195.200.146.39
924,D'arcy,Woolerton,dwoolertonpn@eventbrite.com,Male,245.19.0.126
925,Natale,Shropsheir,nshropsheirpo@google.com.br,Male,11.243.83.191
926,Lindi,Fewell,lfewellpp@yolasite.com,Female,84.159.58.229
927,Giacomo,Hiland,ghilandpq@shutterfly.com,Male,23.35.246.42
928,Greggory,Denmead,gdenmeadpr@pinterest.com,Male,41.76.9.25
929,Archer,Ivanishchev,aivanishchevps@tripod.com,Male,71.204.211.14
930,Germaine,Style,gstylept@slate.com,Male,126.253.140.135
931,Joanie,Luckett,jluckettpu@senate.gov,Female,181.156.120.68
932,Hunter,Francie,hfranciepv@themeforest.net,Male,98.210.234.169
933,Hedda,Legerwood,hlegerwoodpw@furl.net,Female,22.122.40.36
934,Cirilo,Brimblecomb,cbrimblecombpx@elegantthemes.com,Male,143.34.236.45
935,Cchaddie,Mockett,cmockettpy@about.com,Male,88.188.177.233
936,Herculie,Petran,hpetranpz@unc.edu,Male,135.202.211.46
937,Hedvig,Northfield,hnorthfieldq0@xrea.com,Female,163.183.141.73
938,Fulvia,Meeron,fmeeronq1@spotify.com,Female,48.237.51.153
939,Eugine,Palfreyman,epalfreymanq2@psu.edu,Female,14.220.13.80
940,Sofia,Wingham,swinghamq3@vk.com,Bigender,69.136.73.45
941,Sandy,Inge,singeq4@theatlantic.com,Female,183.191.73.126
942,Sam,Tillman,stillmanq5@cisco.com,Female,240.150.51.203
943,Josee,West,jwestq6@moonfruit.com,Agender,35.76.98.53
944,Miquela,Noli,mnoliq7@dailymail.co.uk,Female,80.57.171.120
945,Alisha,Pach,apachq8@dropbox.com,Female,9.145.59.207
946,Ryann,Filchakov,rfilchakovq9@psu.edu,Female,147.6.10.253
947,Aindrea,Morphet,amorphetqa@moonfruit.com,Female,5.19.37.254
948,Alva,Brody,abrodyqb@imdb.com,Male,59.135.130.144
949,Caddric,Hasted,chastedqc@nymag.com,Male,35.136.255.230
950,Mycah,Sarrell,msarrellqd@businesswire.com,Male,5.17.55.224
951,Donn,Lewens,dlewensqe@tuttocitta.it,Male,138.214.202.15
952,Griselda,Jowers,gjowersqf@example.com,Female,130.93.5.3
953,Reine,Baysting,rbaystingqg@wunderground.com,Genderqueer,143.222.17.250
954,Mireielle,Gough,mgoughqh@ihg.com,Female,208.200.51.29
955,Merrie,Stanett,mstanettqi@forbes.com,Female,55.135.105.192
956,Brittany,Wurst,bwurstqj@ca.gov,Female,56.87.178.215
957,Sky,Petchey,spetcheyqk@macromedia.com,Male,134.158.131.9
958,Blanch,Stean,bsteanql@google.nl,Female,39.182.0.8
959,Shel,Durtnell,sdurtnellqm@behance.net,Female,113.200.184.149
960,Gay,Ducker,gduckerqn@slashdot.org,Male,22.82.101.133
961,Shalne,Dwelly,sdwellyqo@microsoft.com,Non-binary,197.105.114.6
962,Sandy,Hadny,shadnyqp@wix.com,Female,181.156.50.254
963,Lindi,Armstrong,larmstrongqq@usda.gov,Female,154.203.246.123
964,Madison,Inkpen,minkpenqr@fotki.com,Male,201.43.81.55
965,Rudy,Fiddler,rfiddlerqs@ustream.tv,Male,189.64.38.142
966,Sigismondo,Retchless,sretchlessqt@ftc.gov,Male,150.71.222.128
967,Rolfe,Daubeny,rdaubenyqu@elegantthemes.com,Male,219.199.208.59
968,Quintus,Gehrts,qgehrtsqv@trellian.com,Male,32.194.62.48
969,Eulalie,Everleigh,eeverleighqw@furl.net,Female,16.177.49.153
970,Ashlee,de Clerc,adeclercqx@google.es,Female,140.180.58.236
971,Nikita,Eicke,neickeqy@mail.ru,Male,175.113.67.114
972,Ginnie,Mathwen,gmathwenqz@yahoo.co.jp,Genderfluid,207.216.192.128
973,Elyn,Drees,edreesr0@newyorker.com,Female,167.25.153.89
974,Tedd,Milborn,tmilbornr1@latimes.com,Male,134.184.74.181
975,Quintin,Poolman,qpoolmanr2@sciencedaily.com,Male,22.245.39.152
976,Nert,Di Ruggiero,ndiruggieror3@parallels.com,Female,152.109.214.223
977,Reider,Burnhard,rburnhardr4@histats.com,Male,65.25.61.181
978,Benny,Tripe,btriper5@auda.org.au,Male,152.211.62.208
979,Blisse,Bothen,bbothenr6@blinklist.com,Female,83.244.96.14
980,Nannette,Gorger,ngorgerr7@icq.com,Female,41.154.77.239
981,Jabez,Edkins,jedkinsr8@sfgate.com,Male,134.108.54.172
982,Wayne,Boyda,wboydar9@51.la,Male,6.69.252.94
983,Haily,Biddlestone,hbiddlestonera@taobao.com,Male,151.125.64.172
984,Bevin,Lambirth,blambirthrb@utexas.edu,Male,145.249.209.158
985,Free,Gouda,fgoudarc@whitehouse.gov,Male,190.19.41.67
986,Maiga,Richemond,mrichemondrd@jalbum.net,Female,177.239.184.230
987,Corrianne,Ebdon,cebdonre@free.fr,Genderqueer,229.6.0.51
988,Nathan,Jarry,njarryrf@multiply.com,Male,40.194.5.168
989,Elana,Kirsche,ekirscherg@hud.gov,Female,58.168.68.213
990,Amy,Bilham,abilhamrh@slideshare.net,Female,137.72.82.216
991,Yuma,Oldred,yoldredri@google.com,Male,117.52.142.10
992,Robbi,Bennough,rbennoughrj@e-recht24.de,Female,85.1.202.208
993,Lucais,Togher,ltogherrk@flavors.me,Male,63.32.9.220
994,Cullan,Seven,csevenrl@godaddy.com,Male,161.127.205.230
995,Hunter,Keeney,hkeeneyrm@chicagotribune.com,Male,129.141.227.165
996,Gerta,Nation,gnationrn@linkedin.com,Female,20.106.57.165
997,Jude,Webb,jwebbro@blogspot.com,Male,181.206.103.68
998,Cobb,Littlefield,clittlefieldrp@hao123.com,Male,65.42.137.219
999,Rory,Le Prevost,rleprevostrq@narod.ru,Male,164.87.72.224
1000,Constance,Emerine,cemerinerr@parallels.com,Female,93.42.218.5
